2026-09-08 10:17:44.489 [main] INFO  c.j.xiaojiashu.user.biz.XiaojiashuBizApplication - Starting XiaojiashuBizApplication using Java 17.0.15 with PID 30404 (D:\jiahuiling\Java\xiaojiashu\xiaojiashu-user\xiaojiashu-user-biz\target\classes started by LENOVO in D:\jiahuiling\Java\xiaojiashu)
2026-09-08 10:17:44.494 [main] INFO  c.j.xiaojiashu.user.biz.XiaojiashuBizApplication - The following 1 profile is active: "dev"
2026-09-08 10:17:47.709 [main] INFO  o.s.boot.web.embedded.tomcat.TomcatWebServer - Tomcat initialized with port(s): 8082 (http)
2026-09-08 10:17:47.744 [main] INFO  org.apache.catalina.core.StandardService - Starting service [Tomcat]
2026-09-08 10:17:47.744 [main] INFO  org.apache.catalina.core.StandardEngine - Starting Servlet engine: [Apache Tomcat/10.1.5]
2026-09-08 10:17:48.112 [main] INFO  o.a.c.core.ContainerBase.[Tomcat].[localhost].[/] - Initializing Spring embedded WebApplicationContext
2026-09-08 10:17:48.113 [main] INFO  o.s.b.w.s.c.ServletWebServerApplicationContext - Root WebApplicationContext: initialization completed in 3542 ms
2026-09-08 10:17:50.154 [main] INFO  o.s.boot.web.embedded.tomcat.TomcatWebServer - Tomcat started on port(s): 8082 (http) with context path ''
2026-09-08 10:17:50.202 [main] INFO  c.j.xiaojiashu.user.biz.XiaojiashuBizApplication - Started XiaojiashuBizApplication in 6.697 seconds (process running for 7.875)
2026-09-08 10:23:35.769 [main] WARN  com.alibaba.nacos.client.logging.NacosLogging - Load Logback Configuration of Nacos fail, message: Could not initialize Logback Nacos logging from classpath:nacos-logback.xml
2026-09-08 10:23:35.833 [main] WARN  com.alibaba.nacos.client.logging.NacosLogging - Load Logback Configuration of Nacos fail, message: Could not initialize Logback Nacos logging from classpath:nacos-logback.xml
2026-09-08 10:23:36.594 [main] WARN  com.alibaba.nacos.client.logging.NacosLogging - Load Logback Configuration of Nacos fail, message: Could not initialize Logback Nacos logging from classpath:nacos-logback.xml
2026-09-08 10:23:36.611 [main] WARN  com.alibaba.nacos.client.logging.NacosLogging - Load Logback Configuration of Nacos fail, message: Could not initialize Logback Nacos logging from classpath:nacos-logback.xml
2026-09-08 10:23:36.612 [main] INFO  c.j.xiaojiashu.user.biz.XiaojiashuBizApplication - The following 1 profile is active: "dev"
2026-09-08 10:23:37.764 [main] INFO  o.springframework.cloud.context.scope.GenericScope - BeanFactory id=65338e01-f781-3cd4-a597-c1be78775de7
2026-09-08 10:23:38.326 [main] INFO  o.s.boot.web.embedded.tomcat.TomcatWebServer - Tomcat initialized with port(s): 8082 (http)
2026-09-08 10:23:38.345 [main] INFO  org.apache.catalina.core.StandardService - Starting service [Tomcat]
2026-09-08 10:23:38.346 [main] INFO  org.apache.catalina.core.StandardEngine - Starting Servlet engine: [Apache Tomcat/10.1.5]
2026-09-08 10:23:38.563 [main] INFO  o.a.c.core.ContainerBase.[Tomcat].[localhost].[/] - Initializing Spring embedded WebApplicationContext
2026-09-08 10:23:38.563 [main] INFO  o.s.b.w.s.c.ServletWebServerApplicationContext - Root WebApplicationContext: initialization completed in 1933 ms
2026-09-08 10:23:46.297 [main] INFO  o.s.boot.web.embedded.tomcat.TomcatWebServer - Tomcat started on port(s): 8082 (http) with context path ''
2026-09-08 10:23:46.331 [main] WARN  com.alibaba.nacos.client.logging.NacosLogging - Load Logback Configuration of Nacos fail, message: Could not initialize Logback Nacos logging from classpath:nacos-logback.xml
2026-09-08 10:23:46.332 [main] INFO  com.alibaba.nacos.client.naming - initializer namespace from ans.namespace attribute : null
2026-09-08 10:23:46.334 [main] INFO  com.alibaba.nacos.client.naming - initializer namespace from ALIBABA_ALIWARE_NAMESPACE attribute :null
2026-09-08 10:23:46.337 [main] INFO  com.alibaba.nacos.client.naming - initializer namespace from namespace attribute :null
2026-09-08 10:23:46.470 [main] INFO  com.alibaba.nacos.client.utils.ParamUtil - [settings] [req-serv] nacos-server port:8848
2026-09-08 10:23:46.471 [main] INFO  com.alibaba.nacos.client.utils.ParamUtil - [settings] [http-client] connect timeout:1000
2026-09-08 10:23:46.479 [main] INFO  com.alibaba.nacos.client.utils.ParamUtil - PER_TASK_CONFIG_SIZE: 3000.0
2026-09-08 10:23:46.506 [main] INFO  c.a.n.p.auth.spi.client.ClientAuthPluginManager - [ClientAuthPluginManager] Load ClientAuthService com.alibaba.nacos.client.auth.impl.NacosClientAuthServiceImpl success.
2026-09-08 10:23:46.507 [main] INFO  c.a.n.p.auth.spi.client.ClientAuthPluginManager - [ClientAuthPluginManager] Load ClientAuthService com.alibaba.nacos.client.auth.ram.RamClientAuthServiceImpl success.
2026-09-08 10:23:46.530 [main] INFO  c.a.n.client.auth.ram.identify.CredentialWatcher - null No credential found
2026-09-08 10:23:46.608 [main] INFO  com.alibaba.nacos.common.remote.client - [RpcClientFactory] create a new rpc client of 78bdc8e0-1b5c-4335-89c0-bd6224245152
2026-09-08 10:23:46.732 [main] INFO  com.alibaba.nacos.common.remote.client - [78bdc8e0-1b5c-4335-89c0-bd6224245152] RpcClient init, ServerListFactory = com.alibaba.nacos.client.naming.core.ServerListManager
2026-09-08 10:23:46.732 [main] INFO  com.alibaba.nacos.common.remote.client - [78bdc8e0-1b5c-4335-89c0-bd6224245152] Registry connection listener to current client:com.alibaba.nacos.client.naming.remote.gprc.redo.NamingGrpcRedoService
2026-09-08 10:23:46.734 [main] INFO  com.alibaba.nacos.common.remote.client - [78bdc8e0-1b5c-4335-89c0-bd6224245152] Register server push request handler:com.alibaba.nacos.client.naming.remote.gprc.NamingPushRequestHandler
2026-09-08 10:23:46.748 [main] INFO  com.alibaba.nacos.common.remote.client - [78bdc8e0-1b5c-4335-89c0-bd6224245152] Try to connect to server on start up, server: {serverIp = '127.0.0.1', server main port = 8848}
2026-09-08 10:23:46.984 [main] INFO  c.a.nacos.common.remote.client.grpc.GrpcClient - grpc client connection server:127.0.0.1 ip,serverPort:9848,grpcTslConfig:{"sslProvider":"OPENSSL","enableTls":false,"mutualAuthEnable":false,"trustAll":false}
2026-09-08 10:23:49.734 [com.alibaba.nacos.client.naming.grpc.redo.0] WARN  com.alibaba.nacos.client.naming - Grpc Connection is disconnect, skip current redo task
2026-09-08 10:23:52.215 [main] ERROR c.a.nacos.common.remote.client.grpc.GrpcClient - Server check fail, please check server 127.0.0.1 ,port 9848 is available , error ={}
java.util.concurrent.ExecutionException: com.alibaba.nacos.shaded.io.grpc.StatusRuntimeException: UNAVAILABLE: Network closed for unknown reason
	at com.alibaba.nacos.shaded.com.google.common.util.concurrent.AbstractFuture.getDoneValue(AbstractFuture.java:566)
	at com.alibaba.nacos.shaded.com.google.common.util.concurrent.AbstractFuture.get(AbstractFuture.java:445)
	at com.alibaba.nacos.common.remote.client.grpc.GrpcClient.serverCheck(GrpcClient.java:218)
	at com.alibaba.nacos.common.remote.client.grpc.GrpcClient.connectToServer(GrpcClient.java:329)
	at com.alibaba.nacos.common.remote.client.RpcClient.start(RpcClient.java:363)
	at com.alibaba.nacos.client.naming.remote.gprc.NamingGrpcClientProxy.start(NamingGrpcClientProxy.java:105)
	at com.alibaba.nacos.client.naming.remote.gprc.NamingGrpcClientProxy.<init>(NamingGrpcClientProxy.java:98)
	at com.alibaba.nacos.client.naming.remote.NamingClientProxyDelegate.<init>(NamingClientProxyDelegate.java:78)
	at com.alibaba.nacos.client.naming.NacosNamingService.init(NacosNamingService.java:102)
	at com.alibaba.nacos.client.naming.NacosNamingService.<init>(NacosNamingService.java:85)
	at java.base/jdk.internal.reflect.NativeConstructorAccessorImpl.newInstance0(Native Method)
	at java.base/jdk.internal.reflect.NativeConstructorAccessorImpl.newInstance(NativeConstructorAccessorImpl.java:77)
	at java.base/jdk.internal.reflect.DelegatingConstructorAccessorImpl.newInstance(DelegatingConstructorAccessorImpl.java:45)
	at java.base/java.lang.reflect.Constructor.newInstanceWithCaller(Constructor.java:500)
	at java.base/java.lang.reflect.Constructor.newInstance(Constructor.java:481)
	at com.alibaba.nacos.api.naming.NamingFactory.createNamingService(NamingFactory.java:59)
	at com.alibaba.nacos.api.NacosFactory.createNamingService(NacosFactory.java:77)
	at com.alibaba.cloud.nacos.NacosServiceManager.createNewNamingService(NacosServiceManager.java:99)
	at com.alibaba.cloud.nacos.NacosServiceManager.buildNamingService(NacosServiceManager.java:90)
	at com.alibaba.cloud.nacos.NacosServiceManager.getNamingService(NacosServiceManager.java:46)
	at com.alibaba.cloud.nacos.registry.NacosServiceRegistry.namingService(NacosServiceRegistry.java:193)
	at com.alibaba.cloud.nacos.registry.NacosServiceRegistry.register(NacosServiceRegistry.java:68)
	at org.springframework.cloud.client.serviceregistry.AbstractAutoServiceRegistration.register(AbstractAutoServiceRegistration.java:264)
	at com.alibaba.cloud.nacos.registry.NacosAutoServiceRegistration.register(NacosAutoServiceRegistration.java:78)
	at org.springframework.cloud.client.serviceregistry.AbstractAutoServiceRegistration.start(AbstractAutoServiceRegistration.java:156)
	at org.springframework.cloud.client.serviceregistry.AbstractAutoServiceRegistration.onApplicationEvent(AbstractAutoServiceRegistration.java:119)
	at org.springframework.cloud.client.serviceregistry.AbstractAutoServiceRegistration.onApplicationEvent(AbstractAutoServiceRegistration.java:49)
	at org.springframework.context.event.SimpleApplicationEventMulticaster.doInvokeListener(SimpleApplicationEventMulticaster.java:176)
	at org.springframework.context.event.SimpleApplicationEventMulticaster.invokeListener(SimpleApplicationEventMulticaster.java:169)
	at org.springframework.context.event.SimpleApplicationEventMulticaster.multicastEvent(SimpleApplicationEventMulticaster.java:143)
	at org.springframework.context.support.AbstractApplicationContext.publishEvent(AbstractApplicationContext.java:413)
	at org.springframework.context.support.AbstractApplicationContext.publishEvent(AbstractApplicationContext.java:370)
	at org.springframework.boot.web.servlet.context.WebServerStartStopLifecycle.start(WebServerStartStopLifecycle.java:47)
	at org.springframework.context.support.DefaultLifecycleProcessor.doStart(DefaultLifecycleProcessor.java:178)
	at org.springframework.context.support.DefaultLifecycleProcessor$LifecycleGroup.start(DefaultLifecycleProcessor.java:356)
	at java.base/java.lang.Iterable.forEach(Iterable.java:75)
	at org.springframework.context.support.DefaultLifecycleProcessor.startBeans(DefaultLifecycleProcessor.java:155)
	at org.springframework.context.support.DefaultLifecycleProcessor.onRefresh(DefaultLifecycleProcessor.java:123)
	at org.springframework.context.support.AbstractApplicationContext.finishRefresh(AbstractApplicationContext.java:932)
	at org.springframework.context.support.AbstractApplicationContext.refresh(AbstractApplicationContext.java:587)
	at org.springframework.boot.web.servlet.context.ServletWebServerApplicationContext.refresh(ServletWebServerApplicationContext.java:146)
	at org.springframework.boot.SpringApplication.refresh(SpringApplication.java:730)
	at org.springframework.boot.SpringApplication.refreshContext(SpringApplication.java:432)
	at org.springframework.boot.SpringApplication.run(SpringApplication.java:308)
	at org.springframework.boot.SpringApplication.run(SpringApplication.java:1302)
	at org.springframework.boot.SpringApplication.run(SpringApplication.java:1291)
	at com.jiahuiling.xiaojiashu.user.biz.XiaojiashuUserBizApplication.main(XiaojiashuBizApplication.java:11)
Caused by: com.alibaba.nacos.shaded.io.grpc.StatusRuntimeException: UNAVAILABLE: Network closed for unknown reason
	at com.alibaba.nacos.shaded.io.grpc.Status.asRuntimeException(Status.java:539)
	at com.alibaba.nacos.shaded.io.grpc.stub.ClientCalls$UnaryStreamToFuture.onClose(ClientCalls.java:544)
	at com.alibaba.nacos.shaded.io.grpc.internal.DelayedClientCall$DelayedListener$3.run(DelayedClientCall.java:471)
	at com.alibaba.nacos.shaded.io.grpc.internal.DelayedClientCall$DelayedListener.delayOrExecute(DelayedClientCall.java:435)
	at com.alibaba.nacos.shaded.io.grpc.internal.DelayedClientCall$DelayedListener.onClose(DelayedClientCall.java:468)
	at com.alibaba.nacos.shaded.io.grpc.internal.ClientCallImpl.closeObserver(ClientCallImpl.java:563)
	at com.alibaba.nacos.shaded.io.grpc.internal.ClientCallImpl.access$300(ClientCallImpl.java:70)
	at com.alibaba.nacos.shaded.io.grpc.internal.ClientCallImpl$ClientStreamListenerImpl$1StreamClosed.runInternal(ClientCallImpl.java:744)
	at com.alibaba.nacos.shaded.io.grpc.internal.ClientCallImpl$ClientStreamListenerImpl$1StreamClosed.runInContext(ClientCallImpl.java:723)
	at com.alibaba.nacos.shaded.io.grpc.internal.ContextRunnable.run(ContextRunnable.java:37)
	at com.alibaba.nacos.shaded.io.grpc.internal.SerializingExecutor.run(SerializingExecutor.java:133)
	at java.base/java.util.concurrent.ThreadPoolExecutor.runWorker(ThreadPoolExecutor.java:1136)
	at java.base/java.util.concurrent.ThreadPoolExecutor$Worker.run(ThreadPoolExecutor.java:635)
	at java.base/java.lang.Thread.run(Thread.java:840)
2026-09-08 10:23:52.236 [main] INFO  com.alibaba.nacos.common.remote.client - [78bdc8e0-1b5c-4335-89c0-bd6224245152] Try to connect to server on start up, server: {serverIp = '127.0.0.1', server main port = 8848}
2026-09-08 10:23:52.236 [main] INFO  c.a.nacos.common.remote.client.grpc.GrpcClient - grpc client connection server:127.0.0.1 ip,serverPort:9848,grpcTslConfig:{"sslProvider":"OPENSSL","enableTls":false,"mutualAuthEnable":false,"trustAll":false}
2026-09-08 10:23:52.256 [main] ERROR c.a.nacos.common.remote.client.grpc.GrpcClient - Server check fail, please check server 127.0.0.1 ,port 9848 is available , error ={}
java.util.concurrent.ExecutionException: com.alibaba.nacos.shaded.io.grpc.StatusRuntimeException: UNAVAILABLE: Network closed for unknown reason
	at com.alibaba.nacos.shaded.com.google.common.util.concurrent.AbstractFuture.getDoneValue(AbstractFuture.java:566)
	at com.alibaba.nacos.shaded.com.google.common.util.concurrent.AbstractFuture.get(AbstractFuture.java:445)
	at com.alibaba.nacos.common.remote.client.grpc.GrpcClient.serverCheck(GrpcClient.java:218)
	at com.alibaba.nacos.common.remote.client.grpc.GrpcClient.connectToServer(GrpcClient.java:329)
	at com.alibaba.nacos.common.remote.client.RpcClient.start(RpcClient.java:363)
	at com.alibaba.nacos.client.naming.remote.gprc.NamingGrpcClientProxy.start(NamingGrpcClientProxy.java:105)
	at com.alibaba.nacos.client.naming.remote.gprc.NamingGrpcClientProxy.<init>(NamingGrpcClientProxy.java:98)
	at com.alibaba.nacos.client.naming.remote.NamingClientProxyDelegate.<init>(NamingClientProxyDelegate.java:78)
	at com.alibaba.nacos.client.naming.NacosNamingService.init(NacosNamingService.java:102)
	at com.alibaba.nacos.client.naming.NacosNamingService.<init>(NacosNamingService.java:85)
	at java.base/jdk.internal.reflect.NativeConstructorAccessorImpl.newInstance0(Native Method)
	at java.base/jdk.internal.reflect.NativeConstructorAccessorImpl.newInstance(NativeConstructorAccessorImpl.java:77)
	at java.base/jdk.internal.reflect.DelegatingConstructorAccessorImpl.newInstance(DelegatingConstructorAccessorImpl.java:45)
	at java.base/java.lang.reflect.Constructor.newInstanceWithCaller(Constructor.java:500)
	at java.base/java.lang.reflect.Constructor.newInstance(Constructor.java:481)
	at com.alibaba.nacos.api.naming.NamingFactory.createNamingService(NamingFactory.java:59)
	at com.alibaba.nacos.api.NacosFactory.createNamingService(NacosFactory.java:77)
	at com.alibaba.cloud.nacos.NacosServiceManager.createNewNamingService(NacosServiceManager.java:99)
	at com.alibaba.cloud.nacos.NacosServiceManager.buildNamingService(NacosServiceManager.java:90)
	at com.alibaba.cloud.nacos.NacosServiceManager.getNamingService(NacosServiceManager.java:46)
	at com.alibaba.cloud.nacos.registry.NacosServiceRegistry.namingService(NacosServiceRegistry.java:193)
	at com.alibaba.cloud.nacos.registry.NacosServiceRegistry.register(NacosServiceRegistry.java:68)
	at org.springframework.cloud.client.serviceregistry.AbstractAutoServiceRegistration.register(AbstractAutoServiceRegistration.java:264)
	at com.alibaba.cloud.nacos.registry.NacosAutoServiceRegistration.register(NacosAutoServiceRegistration.java:78)
	at org.springframework.cloud.client.serviceregistry.AbstractAutoServiceRegistration.start(AbstractAutoServiceRegistration.java:156)
	at org.springframework.cloud.client.serviceregistry.AbstractAutoServiceRegistration.onApplicationEvent(AbstractAutoServiceRegistration.java:119)
	at org.springframework.cloud.client.serviceregistry.AbstractAutoServiceRegistration.onApplicationEvent(AbstractAutoServiceRegistration.java:49)
	at org.springframework.context.event.SimpleApplicationEventMulticaster.doInvokeListener(SimpleApplicationEventMulticaster.java:176)
	at org.springframework.context.event.SimpleApplicationEventMulticaster.invokeListener(SimpleApplicationEventMulticaster.java:169)
	at org.springframework.context.event.SimpleApplicationEventMulticaster.multicastEvent(SimpleApplicationEventMulticaster.java:143)
	at org.springframework.context.support.AbstractApplicationContext.publishEvent(AbstractApplicationContext.java:413)
	at org.springframework.context.support.AbstractApplicationContext.publishEvent(AbstractApplicationContext.java:370)
	at org.springframework.boot.web.servlet.context.WebServerStartStopLifecycle.start(WebServerStartStopLifecycle.java:47)
	at org.springframework.context.support.DefaultLifecycleProcessor.doStart(DefaultLifecycleProcessor.java:178)
	at org.springframework.context.support.DefaultLifecycleProcessor$LifecycleGroup.start(DefaultLifecycleProcessor.java:356)
	at java.base/java.lang.Iterable.forEach(Iterable.java:75)
	at org.springframework.context.support.DefaultLifecycleProcessor.startBeans(DefaultLifecycleProcessor.java:155)
	at org.springframework.context.support.DefaultLifecycleProcessor.onRefresh(DefaultLifecycleProcessor.java:123)
	at org.springframework.context.support.AbstractApplicationContext.finishRefresh(AbstractApplicationContext.java:932)
	at org.springframework.context.support.AbstractApplicationContext.refresh(AbstractApplicationContext.java:587)
	at org.springframework.boot.web.servlet.context.ServletWebServerApplicationContext.refresh(ServletWebServerApplicationContext.java:146)
	at org.springframework.boot.SpringApplication.refresh(SpringApplication.java:730)
	at org.springframework.boot.SpringApplication.refreshContext(SpringApplication.java:432)
	at org.springframework.boot.SpringApplication.run(SpringApplication.java:308)
	at org.springframework.boot.SpringApplication.run(SpringApplication.java:1302)
	at org.springframework.boot.SpringApplication.run(SpringApplication.java:1291)
	at com.jiahuiling.xiaojiashu.user.biz.XiaojiashuUserBizApplication.main(XiaojiashuBizApplication.java:11)
Caused by: com.alibaba.nacos.shaded.io.grpc.StatusRuntimeException: UNAVAILABLE: Network closed for unknown reason
	at com.alibaba.nacos.shaded.io.grpc.Status.asRuntimeException(Status.java:539)
	at com.alibaba.nacos.shaded.io.grpc.stub.ClientCalls$UnaryStreamToFuture.onClose(ClientCalls.java:544)
	at com.alibaba.nacos.shaded.io.grpc.internal.DelayedClientCall$DelayedListener$3.run(DelayedClientCall.java:471)
	at com.alibaba.nacos.shaded.io.grpc.internal.DelayedClientCall$DelayedListener.delayOrExecute(DelayedClientCall.java:435)
	at com.alibaba.nacos.shaded.io.grpc.internal.DelayedClientCall$DelayedListener.onClose(DelayedClientCall.java:468)
	at com.alibaba.nacos.shaded.io.grpc.internal.ClientCallImpl.closeObserver(ClientCallImpl.java:563)
	at com.alibaba.nacos.shaded.io.grpc.internal.ClientCallImpl.access$300(ClientCallImpl.java:70)
	at com.alibaba.nacos.shaded.io.grpc.internal.ClientCallImpl$ClientStreamListenerImpl$1StreamClosed.runInternal(ClientCallImpl.java:744)
	at com.alibaba.nacos.shaded.io.grpc.internal.ClientCallImpl$ClientStreamListenerImpl$1StreamClosed.runInContext(ClientCallImpl.java:723)
	at com.alibaba.nacos.shaded.io.grpc.internal.ContextRunnable.run(ContextRunnable.java:37)
	at com.alibaba.nacos.shaded.io.grpc.internal.SerializingExecutor.run(SerializingExecutor.java:133)
	at java.base/java.util.concurrent.ThreadPoolExecutor.runWorker(ThreadPoolExecutor.java:1136)
	at java.base/java.util.concurrent.ThreadPoolExecutor$Worker.run(ThreadPoolExecutor.java:635)
	at java.base/java.lang.Thread.run(Thread.java:840)
2026-09-08 10:23:52.259 [main] INFO  com.alibaba.nacos.common.remote.client - [78bdc8e0-1b5c-4335-89c0-bd6224245152] Try to connect to server on start up, server: {serverIp = '127.0.0.1', server main port = 8848}
2026-09-08 10:23:52.259 [main] INFO  c.a.nacos.common.remote.client.grpc.GrpcClient - grpc client connection server:127.0.0.1 ip,serverPort:9848,grpcTslConfig:{"sslProvider":"OPENSSL","enableTls":false,"mutualAuthEnable":false,"trustAll":false}
2026-09-08 10:23:52.281 [main] ERROR c.a.nacos.common.remote.client.grpc.GrpcClient - Server check fail, please check server 127.0.0.1 ,port 9848 is available , error ={}
java.util.concurrent.ExecutionException: com.alibaba.nacos.shaded.io.grpc.StatusRuntimeException: UNAVAILABLE: Network closed for unknown reason
	at com.alibaba.nacos.shaded.com.google.common.util.concurrent.AbstractFuture.getDoneValue(AbstractFuture.java:566)
	at com.alibaba.nacos.shaded.com.google.common.util.concurrent.AbstractFuture.get(AbstractFuture.java:445)
	at com.alibaba.nacos.common.remote.client.grpc.GrpcClient.serverCheck(GrpcClient.java:218)
	at com.alibaba.nacos.common.remote.client.grpc.GrpcClient.connectToServer(GrpcClient.java:329)
	at com.alibaba.nacos.common.remote.client.RpcClient.start(RpcClient.java:363)
	at com.alibaba.nacos.client.naming.remote.gprc.NamingGrpcClientProxy.start(NamingGrpcClientProxy.java:105)
	at com.alibaba.nacos.client.naming.remote.gprc.NamingGrpcClientProxy.<init>(NamingGrpcClientProxy.java:98)
	at com.alibaba.nacos.client.naming.remote.NamingClientProxyDelegate.<init>(NamingClientProxyDelegate.java:78)
	at com.alibaba.nacos.client.naming.NacosNamingService.init(NacosNamingService.java:102)
	at com.alibaba.nacos.client.naming.NacosNamingService.<init>(NacosNamingService.java:85)
	at java.base/jdk.internal.reflect.NativeConstructorAccessorImpl.newInstance0(Native Method)
	at java.base/jdk.internal.reflect.NativeConstructorAccessorImpl.newInstance(NativeConstructorAccessorImpl.java:77)
	at java.base/jdk.internal.reflect.DelegatingConstructorAccessorImpl.newInstance(DelegatingConstructorAccessorImpl.java:45)
	at java.base/java.lang.reflect.Constructor.newInstanceWithCaller(Constructor.java:500)
	at java.base/java.lang.reflect.Constructor.newInstance(Constructor.java:481)
	at com.alibaba.nacos.api.naming.NamingFactory.createNamingService(NamingFactory.java:59)
	at com.alibaba.nacos.api.NacosFactory.createNamingService(NacosFactory.java:77)
	at com.alibaba.cloud.nacos.NacosServiceManager.createNewNamingService(NacosServiceManager.java:99)
	at com.alibaba.cloud.nacos.NacosServiceManager.buildNamingService(NacosServiceManager.java:90)
	at com.alibaba.cloud.nacos.NacosServiceManager.getNamingService(NacosServiceManager.java:46)
	at com.alibaba.cloud.nacos.registry.NacosServiceRegistry.namingService(NacosServiceRegistry.java:193)
	at com.alibaba.cloud.nacos.registry.NacosServiceRegistry.register(NacosServiceRegistry.java:68)
	at org.springframework.cloud.client.serviceregistry.AbstractAutoServiceRegistration.register(AbstractAutoServiceRegistration.java:264)
	at com.alibaba.cloud.nacos.registry.NacosAutoServiceRegistration.register(NacosAutoServiceRegistration.java:78)
	at org.springframework.cloud.client.serviceregistry.AbstractAutoServiceRegistration.start(AbstractAutoServiceRegistration.java:156)
	at org.springframework.cloud.client.serviceregistry.AbstractAutoServiceRegistration.onApplicationEvent(AbstractAutoServiceRegistration.java:119)
	at org.springframework.cloud.client.serviceregistry.AbstractAutoServiceRegistration.onApplicationEvent(AbstractAutoServiceRegistration.java:49)
	at org.springframework.context.event.SimpleApplicationEventMulticaster.doInvokeListener(SimpleApplicationEventMulticaster.java:176)
	at org.springframework.context.event.SimpleApplicationEventMulticaster.invokeListener(SimpleApplicationEventMulticaster.java:169)
	at org.springframework.context.event.SimpleApplicationEventMulticaster.multicastEvent(SimpleApplicationEventMulticaster.java:143)
	at org.springframework.context.support.AbstractApplicationContext.publishEvent(AbstractApplicationContext.java:413)
	at org.springframework.context.support.AbstractApplicationContext.publishEvent(AbstractApplicationContext.java:370)
	at org.springframework.boot.web.servlet.context.WebServerStartStopLifecycle.start(WebServerStartStopLifecycle.java:47)
	at org.springframework.context.support.DefaultLifecycleProcessor.doStart(DefaultLifecycleProcessor.java:178)
	at org.springframework.context.support.DefaultLifecycleProcessor$LifecycleGroup.start(DefaultLifecycleProcessor.java:356)
	at java.base/java.lang.Iterable.forEach(Iterable.java:75)
	at org.springframework.context.support.DefaultLifecycleProcessor.startBeans(DefaultLifecycleProcessor.java:155)
	at org.springframework.context.support.DefaultLifecycleProcessor.onRefresh(DefaultLifecycleProcessor.java:123)
	at org.springframework.context.support.AbstractApplicationContext.finishRefresh(AbstractApplicationContext.java:932)
	at org.springframework.context.support.AbstractApplicationContext.refresh(AbstractApplicationContext.java:587)
	at org.springframework.boot.web.servlet.context.ServletWebServerApplicationContext.refresh(ServletWebServerApplicationContext.java:146)
	at org.springframework.boot.SpringApplication.refresh(SpringApplication.java:730)
	at org.springframework.boot.SpringApplication.refreshContext(SpringApplication.java:432)
	at org.springframework.boot.SpringApplication.run(SpringApplication.java:308)
	at org.springframework.boot.SpringApplication.run(SpringApplication.java:1302)
	at org.springframework.boot.SpringApplication.run(SpringApplication.java:1291)
	at com.jiahuiling.xiaojiashu.user.biz.XiaojiashuUserBizApplication.main(XiaojiashuBizApplication.java:11)
Caused by: com.alibaba.nacos.shaded.io.grpc.StatusRuntimeException: UNAVAILABLE: Network closed for unknown reason
	at com.alibaba.nacos.shaded.io.grpc.Status.asRuntimeException(Status.java:539)
	at com.alibaba.nacos.shaded.io.grpc.stub.ClientCalls$UnaryStreamToFuture.onClose(ClientCalls.java:544)
	at com.alibaba.nacos.shaded.io.grpc.internal.DelayedClientCall$DelayedListener$3.run(DelayedClientCall.java:471)
	at com.alibaba.nacos.shaded.io.grpc.internal.DelayedClientCall$DelayedListener.delayOrExecute(DelayedClientCall.java:435)
	at com.alibaba.nacos.shaded.io.grpc.internal.DelayedClientCall$DelayedListener.onClose(DelayedClientCall.java:468)
	at com.alibaba.nacos.shaded.io.grpc.internal.ClientCallImpl.closeObserver(ClientCallImpl.java:563)
	at com.alibaba.nacos.shaded.io.grpc.internal.ClientCallImpl.access$300(ClientCallImpl.java:70)
	at com.alibaba.nacos.shaded.io.grpc.internal.ClientCallImpl$ClientStreamListenerImpl$1StreamClosed.runInternal(ClientCallImpl.java:744)
	at com.alibaba.nacos.shaded.io.grpc.internal.ClientCallImpl$ClientStreamListenerImpl$1StreamClosed.runInContext(ClientCallImpl.java:723)
	at com.alibaba.nacos.shaded.io.grpc.internal.ContextRunnable.run(ContextRunnable.java:37)
	at com.alibaba.nacos.shaded.io.grpc.internal.SerializingExecutor.run(SerializingExecutor.java:133)
	at java.base/java.util.concurrent.ThreadPoolExecutor.runWorker(ThreadPoolExecutor.java:1136)
	at java.base/java.util.concurrent.ThreadPoolExecutor$Worker.run(ThreadPoolExecutor.java:635)
	at java.base/java.lang.Thread.run(Thread.java:840)
2026-09-08 10:23:52.284 [com.alibaba.nacos.client.remote.worker] INFO  com.alibaba.nacos.common.remote.client - [78bdc8e0-1b5c-4335-89c0-bd6224245152] Try to reconnect to a new server, server is  not appointed, will choose a random server.
2026-09-08 10:23:52.284 [com.alibaba.nacos.client.remote.worker] INFO  c.a.nacos.common.remote.client.grpc.GrpcClient - grpc client connection server:127.0.0.1 ip,serverPort:9848,grpcTslConfig:{"sslProvider":"OPENSSL","enableTls":false,"mutualAuthEnable":false,"trustAll":false}
2026-09-08 10:23:52.285 [main] INFO  com.alibaba.nacos.common.remote.client - [78bdc8e0-1b5c-4335-89c0-bd6224245152] Register server push request handler:com.alibaba.nacos.common.remote.client.RpcClient$ConnectResetRequestHandler
2026-09-08 10:23:52.287 [main] INFO  com.alibaba.nacos.common.remote.client - [78bdc8e0-1b5c-4335-89c0-bd6224245152] Register server push request handler:com.alibaba.nacos.common.remote.client.RpcClient$$Lambda$906/0x0000027c9b622ec8
2026-09-08 10:23:52.291 [main] INFO  com.alibaba.nacos.client.naming - [REGISTER-SERVICE] xiaojiashu registering service xiaojiashu-user with instance Instance{instanceId='null', ip='192.168.52.11', port=8082, weight=1.0, healthy=true, enabled=true, ephemeral=true, clusterName='DEFAULT', serviceName='null', metadata={IPv6=null, preserved.register.source=SPRING_CLOUD}}
2026-09-08 10:23:52.303 [com.alibaba.nacos.client.remote.worker] ERROR c.a.nacos.common.remote.client.grpc.GrpcClient - Server check fail, please check server 127.0.0.1 ,port 9848 is available , error ={}
java.util.concurrent.ExecutionException: com.alibaba.nacos.shaded.io.grpc.StatusRuntimeException: UNAVAILABLE: Network closed for unknown reason
	at com.alibaba.nacos.shaded.com.google.common.util.concurrent.AbstractFuture.getDoneValue(AbstractFuture.java:566)
	at com.alibaba.nacos.shaded.com.google.common.util.concurrent.AbstractFuture.get(AbstractFuture.java:445)
	at com.alibaba.nacos.common.remote.client.grpc.GrpcClient.serverCheck(GrpcClient.java:218)
	at com.alibaba.nacos.common.remote.client.grpc.GrpcClient.connectToServer(GrpcClient.java:329)
	at com.alibaba.nacos.common.remote.client.RpcClient.reconnect(RpcClient.java:502)
	at com.alibaba.nacos.common.remote.client.RpcClient.lambda$start$2(RpcClient.java:343)
	at java.base/java.util.concurrent.Executors$RunnableAdapter.call(Executors.java:539)
	at java.base/java.util.concurrent.FutureTask.run(FutureTask.java:264)
	at java.base/java.util.concurrent.ScheduledThreadPoolExecutor$ScheduledFutureTask.run(ScheduledThreadPoolExecutor.java:304)
	at java.base/java.util.concurrent.ThreadPoolExecutor.runWorker(ThreadPoolExecutor.java:1136)
	at java.base/java.util.concurrent.ThreadPoolExecutor$Worker.run(ThreadPoolExecutor.java:635)
	at java.base/java.lang.Thread.run(Thread.java:840)
Caused by: com.alibaba.nacos.shaded.io.grpc.StatusRuntimeException: UNAVAILABLE: Network closed for unknown reason
	at com.alibaba.nacos.shaded.io.grpc.Status.asRuntimeException(Status.java:539)
	at com.alibaba.nacos.shaded.io.grpc.stub.ClientCalls$UnaryStreamToFuture.onClose(ClientCalls.java:544)
	at com.alibaba.nacos.shaded.io.grpc.internal.DelayedClientCall$DelayedListener$3.run(DelayedClientCall.java:471)
	at com.alibaba.nacos.shaded.io.grpc.internal.DelayedClientCall$DelayedListener.delayOrExecute(DelayedClientCall.java:435)
	at com.alibaba.nacos.shaded.io.grpc.internal.DelayedClientCall$DelayedListener.onClose(DelayedClientCall.java:468)
	at com.alibaba.nacos.shaded.io.grpc.internal.ClientCallImpl.closeObserver(ClientCallImpl.java:563)
	at com.alibaba.nacos.shaded.io.grpc.internal.ClientCallImpl.access$300(ClientCallImpl.java:70)
	at com.alibaba.nacos.shaded.io.grpc.internal.ClientCallImpl$ClientStreamListenerImpl$1StreamClosed.runInternal(ClientCallImpl.java:744)
	at com.alibaba.nacos.shaded.io.grpc.internal.ClientCallImpl$ClientStreamListenerImpl$1StreamClosed.runInContext(ClientCallImpl.java:723)
	at com.alibaba.nacos.shaded.io.grpc.internal.ContextRunnable.run(ContextRunnable.java:37)
	at com.alibaba.nacos.shaded.io.grpc.internal.SerializingExecutor.run(SerializingExecutor.java:133)
	... 3 common frames omitted
2026-09-08 10:23:52.410 [main] ERROR com.alibaba.nacos.common.remote.client - Send request fail, request = InstanceRequest{headers={app=unknown}, requestId='null'}, retryTimes = 0, errorMessage = Client not connected, current status:STARTING
2026-09-08 10:23:52.410 [com.alibaba.nacos.client.remote.worker] INFO  c.a.nacos.common.remote.client.grpc.GrpcClient - grpc client connection server:127.0.0.1 ip,serverPort:9848,grpcTslConfig:{"sslProvider":"OPENSSL","enableTls":false,"mutualAuthEnable":false,"trustAll":false}
2026-09-08 10:23:52.427 [com.alibaba.nacos.client.remote.worker] ERROR c.a.nacos.common.remote.client.grpc.GrpcClient - Server check fail, please check server 127.0.0.1 ,port 9848 is available , error ={}
java.util.concurrent.ExecutionException: com.alibaba.nacos.shaded.io.grpc.StatusRuntimeException: UNAVAILABLE: Network closed for unknown reason
	at com.alibaba.nacos.shaded.com.google.common.util.concurrent.AbstractFuture.getDoneValue(AbstractFuture.java:566)
	at com.alibaba.nacos.shaded.com.google.common.util.concurrent.AbstractFuture.get(AbstractFuture.java:445)
	at com.alibaba.nacos.common.remote.client.grpc.GrpcClient.serverCheck(GrpcClient.java:218)
	at com.alibaba.nacos.common.remote.client.grpc.GrpcClient.connectToServer(GrpcClient.java:329)
	at com.alibaba.nacos.common.remote.client.RpcClient.reconnect(RpcClient.java:502)
	at com.alibaba.nacos.common.remote.client.RpcClient.lambda$start$2(RpcClient.java:343)
	at java.base/java.util.concurrent.Executors$RunnableAdapter.call(Executors.java:539)
	at java.base/java.util.concurrent.FutureTask.run(FutureTask.java:264)
	at java.base/java.util.concurrent.ScheduledThreadPoolExecutor$ScheduledFutureTask.run(ScheduledThreadPoolExecutor.java:304)
	at java.base/java.util.concurrent.ThreadPoolExecutor.runWorker(ThreadPoolExecutor.java:1136)
	at java.base/java.util.concurrent.ThreadPoolExecutor$Worker.run(ThreadPoolExecutor.java:635)
	at java.base/java.lang.Thread.run(Thread.java:840)
Caused by: com.alibaba.nacos.shaded.io.grpc.StatusRuntimeException: UNAVAILABLE: Network closed for unknown reason
	at com.alibaba.nacos.shaded.io.grpc.Status.asRuntimeException(Status.java:539)
	at com.alibaba.nacos.shaded.io.grpc.stub.ClientCalls$UnaryStreamToFuture.onClose(ClientCalls.java:544)
	at com.alibaba.nacos.shaded.io.grpc.internal.DelayedClientCall$DelayedListener$3.run(DelayedClientCall.java:471)
	at com.alibaba.nacos.shaded.io.grpc.internal.DelayedClientCall$DelayedListener.delayOrExecute(DelayedClientCall.java:435)
	at com.alibaba.nacos.shaded.io.grpc.internal.DelayedClientCall$DelayedListener.onClose(DelayedClientCall.java:468)
	at com.alibaba.nacos.shaded.io.grpc.internal.ClientCallImpl.closeObserver(ClientCallImpl.java:563)
	at com.alibaba.nacos.shaded.io.grpc.internal.ClientCallImpl.access$300(ClientCallImpl.java:70)
	at com.alibaba.nacos.shaded.io.grpc.internal.ClientCallImpl$ClientStreamListenerImpl$1StreamClosed.runInternal(ClientCallImpl.java:744)
	at com.alibaba.nacos.shaded.io.grpc.internal.ClientCallImpl$ClientStreamListenerImpl$1StreamClosed.runInContext(ClientCallImpl.java:723)
	at com.alibaba.nacos.shaded.io.grpc.internal.ContextRunnable.run(ContextRunnable.java:37)
	at com.alibaba.nacos.shaded.io.grpc.internal.SerializingExecutor.run(SerializingExecutor.java:133)
	... 3 common frames omitted
2026-09-08 10:23:52.428 [com.alibaba.nacos.client.remote.worker] INFO  com.alibaba.nacos.common.remote.client - [78bdc8e0-1b5c-4335-89c0-bd6224245152] Fail to connect server, after trying 1 times, last try server is {serverIp = '127.0.0.1', server main port = 8848}, error = unknown
2026-09-08 10:23:52.520 [main] ERROR com.alibaba.nacos.common.remote.client - Send request fail, request = InstanceRequest{headers={app=unknown}, requestId='null'}, retryTimes = 1, errorMessage = Client not connected, current status:STARTING
2026-09-08 10:23:52.627 [main] ERROR com.alibaba.nacos.common.remote.client - Send request fail, request = InstanceRequest{headers={app=unknown}, requestId='null'}, retryTimes = 2, errorMessage = Client not connected, current status:STARTING
2026-09-08 10:23:52.644 [com.alibaba.nacos.client.remote.worker] INFO  c.a.nacos.common.remote.client.grpc.GrpcClient - grpc client connection server:127.0.0.1 ip,serverPort:9848,grpcTslConfig:{"sslProvider":"OPENSSL","enableTls":false,"mutualAuthEnable":false,"trustAll":false}
2026-09-08 10:23:52.666 [com.alibaba.nacos.client.remote.worker] ERROR c.a.nacos.common.remote.client.grpc.GrpcClient - Server check fail, please check server 127.0.0.1 ,port 9848 is available , error ={}
java.util.concurrent.ExecutionException: com.alibaba.nacos.shaded.io.grpc.StatusRuntimeException: UNAVAILABLE: Network closed for unknown reason
	at com.alibaba.nacos.shaded.com.google.common.util.concurrent.AbstractFuture.getDoneValue(AbstractFuture.java:566)
	at com.alibaba.nacos.shaded.com.google.common.util.concurrent.AbstractFuture.get(AbstractFuture.java:445)
	at com.alibaba.nacos.common.remote.client.grpc.GrpcClient.serverCheck(GrpcClient.java:218)
	at com.alibaba.nacos.common.remote.client.grpc.GrpcClient.connectToServer(GrpcClient.java:329)
	at com.alibaba.nacos.common.remote.client.RpcClient.reconnect(RpcClient.java:502)
	at com.alibaba.nacos.common.remote.client.RpcClient.lambda$start$2(RpcClient.java:343)
	at java.base/java.util.concurrent.Executors$RunnableAdapter.call(Executors.java:539)
	at java.base/java.util.concurrent.FutureTask.run(FutureTask.java:264)
	at java.base/java.util.concurrent.ScheduledThreadPoolExecutor$ScheduledFutureTask.run(ScheduledThreadPoolExecutor.java:304)
	at java.base/java.util.concurrent.ThreadPoolExecutor.runWorker(ThreadPoolExecutor.java:1136)
	at java.base/java.util.concurrent.ThreadPoolExecutor$Worker.run(ThreadPoolExecutor.java:635)
	at java.base/java.lang.Thread.run(Thread.java:840)
Caused by: com.alibaba.nacos.shaded.io.grpc.StatusRuntimeException: UNAVAILABLE: Network closed for unknown reason
	at com.alibaba.nacos.shaded.io.grpc.Status.asRuntimeException(Status.java:539)
	at com.alibaba.nacos.shaded.io.grpc.stub.ClientCalls$UnaryStreamToFuture.onClose(ClientCalls.java:544)
	at com.alibaba.nacos.shaded.io.grpc.internal.DelayedClientCall$DelayedListener$3.run(DelayedClientCall.java:471)
	at com.alibaba.nacos.shaded.io.grpc.internal.DelayedClientCall$DelayedListener.delayOrExecute(DelayedClientCall.java:435)
	at com.alibaba.nacos.shaded.io.grpc.internal.DelayedClientCall$DelayedListener.onClose(DelayedClientCall.java:468)
	at com.alibaba.nacos.shaded.io.grpc.internal.ClientCallImpl.closeObserver(ClientCallImpl.java:563)
	at com.alibaba.nacos.shaded.io.grpc.internal.ClientCallImpl.access$300(ClientCallImpl.java:70)
	at com.alibaba.nacos.shaded.io.grpc.internal.ClientCallImpl$ClientStreamListenerImpl$1StreamClosed.runInternal(ClientCallImpl.java:744)
	at com.alibaba.nacos.shaded.io.grpc.internal.ClientCallImpl$ClientStreamListenerImpl$1StreamClosed.runInContext(ClientCallImpl.java:723)
	at com.alibaba.nacos.shaded.io.grpc.internal.ContextRunnable.run(ContextRunnable.java:37)
	at com.alibaba.nacos.shaded.io.grpc.internal.SerializingExecutor.run(SerializingExecutor.java:133)
	... 3 common frames omitted
2026-09-08 10:23:52.668 [com.alibaba.nacos.client.remote.worker] INFO  com.alibaba.nacos.common.remote.client - [78bdc8e0-1b5c-4335-89c0-bd6224245152] Fail to connect server, after trying 2 times, last try server is {serverIp = '127.0.0.1', server main port = 8848}, error = unknown
2026-09-08 10:23:52.678 [main] ERROR c.a.cloud.nacos.registry.NacosServiceRegistry - nacos registry, xiaojiashu-user register failed...NacosRegistration{nacosDiscoveryProperties=NacosDiscoveryProperties{serverAddr='127.0.0.1:8848', username='', password='', endpoint='', namespace='xiaojiashu', watchDelay=30000, logName='', service='xiaojiashu-user', weight=1.0, clusterName='DEFAULT', group='DEFAULT_GROUP', namingLoadCacheAtStart='false', metadata={IPv6=null, preserved.register.source=SPRING_CLOUD}, registerEnabled=true, ip='192.168.52.11', networkInterface='', port=8082, secure=false, accessKey='', secretKey='', heartBeatInterval=null, heartBeatTimeout=null, ipDeleteTimeout=null, instanceEnabled=true, ephemeral=true, failureToleranceEnabled=false}, ipDeleteTimeout=null, failFast=true}},
com.alibaba.nacos.api.exception.NacosException: Client not connected, current status:STARTING
	at com.alibaba.nacos.common.remote.client.RpcClient.request(RpcClient.java:643)
	at com.alibaba.nacos.common.remote.client.RpcClient.request(RpcClient.java:623)
	at com.alibaba.nacos.client.naming.remote.gprc.NamingGrpcClientProxy.requestToServer(NamingGrpcClientProxy.java:357)
	at com.alibaba.nacos.client.naming.remote.gprc.NamingGrpcClientProxy.doRegisterService(NamingGrpcClientProxy.java:210)
	at com.alibaba.nacos.client.naming.remote.gprc.NamingGrpcClientProxy.registerService(NamingGrpcClientProxy.java:124)
	at com.alibaba.nacos.client.naming.remote.NamingClientProxyDelegate.registerService(NamingClientProxyDelegate.java:98)
	at com.alibaba.nacos.client.naming.NacosNamingService.registerInstance(NacosNamingService.java:143)
	at com.alibaba.cloud.nacos.registry.NacosServiceRegistry.register(NacosServiceRegistry.java:75)
	at org.springframework.cloud.client.serviceregistry.AbstractAutoServiceRegistration.register(AbstractAutoServiceRegistration.java:264)
	at com.alibaba.cloud.nacos.registry.NacosAutoServiceRegistration.register(NacosAutoServiceRegistration.java:78)
	at org.springframework.cloud.client.serviceregistry.AbstractAutoServiceRegistration.start(AbstractAutoServiceRegistration.java:156)
	at org.springframework.cloud.client.serviceregistry.AbstractAutoServiceRegistration.onApplicationEvent(AbstractAutoServiceRegistration.java:119)
	at org.springframework.cloud.client.serviceregistry.AbstractAutoServiceRegistration.onApplicationEvent(AbstractAutoServiceRegistration.java:49)
	at org.springframework.context.event.SimpleApplicationEventMulticaster.doInvokeListener(SimpleApplicationEventMulticaster.java:176)
	at org.springframework.context.event.SimpleApplicationEventMulticaster.invokeListener(SimpleApplicationEventMulticaster.java:169)
	at org.springframework.context.event.SimpleApplicationEventMulticaster.multicastEvent(SimpleApplicationEventMulticaster.java:143)
	at org.springframework.context.support.AbstractApplicationContext.publishEvent(AbstractApplicationContext.java:413)
	at org.springframework.context.support.AbstractApplicationContext.publishEvent(AbstractApplicationContext.java:370)
	at org.springframework.boot.web.servlet.context.WebServerStartStopLifecycle.start(WebServerStartStopLifecycle.java:47)
	at org.springframework.context.support.DefaultLifecycleProcessor.doStart(DefaultLifecycleProcessor.java:178)
	at org.springframework.context.support.DefaultLifecycleProcessor$LifecycleGroup.start(DefaultLifecycleProcessor.java:356)
	at java.base/java.lang.Iterable.forEach(Iterable.java:75)
	at org.springframework.context.support.DefaultLifecycleProcessor.startBeans(DefaultLifecycleProcessor.java:155)
	at org.springframework.context.support.DefaultLifecycleProcessor.onRefresh(DefaultLifecycleProcessor.java:123)
	at org.springframework.context.support.AbstractApplicationContext.finishRefresh(AbstractApplicationContext.java:932)
	at org.springframework.context.support.AbstractApplicationContext.refresh(AbstractApplicationContext.java:587)
	at org.springframework.boot.web.servlet.context.ServletWebServerApplicationContext.refresh(ServletWebServerApplicationContext.java:146)
	at org.springframework.boot.SpringApplication.refresh(SpringApplication.java:730)
	at org.springframework.boot.SpringApplication.refreshContext(SpringApplication.java:432)
	at org.springframework.boot.SpringApplication.run(SpringApplication.java:308)
	at org.springframework.boot.SpringApplication.run(SpringApplication.java:1302)
	at org.springframework.boot.SpringApplication.run(SpringApplication.java:1291)
	at com.jiahuiling.xiaojiashu.user.biz.XiaojiashuUserBizApplication.main(XiaojiashuBizApplication.java:11)
2026-09-08 10:23:52.683 [main] WARN  o.s.b.w.s.c.AnnotationConfigServletWebServerApplicationContext - Exception encountered during context initialization - cancelling refresh attempt: org.springframework.context.ApplicationContextException: Failed to start bean 'webServerStartStop'
2026-09-08 10:23:52.688 [main] INFO  com.alibaba.nacos.client.naming - com.alibaba.nacos.client.naming.cache.ServiceInfoHolder do shutdown begin
2026-09-08 10:23:52.688 [main] INFO  com.alibaba.nacos.client.naming - com.alibaba.nacos.client.naming.backups.FailoverReactor do shutdown begin
2026-09-08 10:23:52.737 [com.alibaba.nacos.client.naming.grpc.redo.0] WARN  com.alibaba.nacos.client.naming - Grpc Connection is disconnect, skip current redo task
2026-09-08 10:23:52.972 [com.alibaba.nacos.client.remote.worker] INFO  c.a.nacos.common.remote.client.grpc.GrpcClient - grpc client connection server:127.0.0.1 ip,serverPort:9848,grpcTslConfig:{"sslProvider":"OPENSSL","enableTls":false,"mutualAuthEnable":false,"trustAll":false}
2026-09-08 10:23:52.992 [com.alibaba.nacos.client.remote.worker] ERROR c.a.nacos.common.remote.client.grpc.GrpcClient - Server check fail, please check server 127.0.0.1 ,port 9848 is available , error ={}
java.util.concurrent.ExecutionException: com.alibaba.nacos.shaded.io.grpc.StatusRuntimeException: UNAVAILABLE: Network closed for unknown reason
	at com.alibaba.nacos.shaded.com.google.common.util.concurrent.AbstractFuture.getDoneValue(AbstractFuture.java:566)
	at com.alibaba.nacos.shaded.com.google.common.util.concurrent.AbstractFuture.get(AbstractFuture.java:445)
	at com.alibaba.nacos.common.remote.client.grpc.GrpcClient.serverCheck(GrpcClient.java:218)
	at com.alibaba.nacos.common.remote.client.grpc.GrpcClient.connectToServer(GrpcClient.java:329)
	at com.alibaba.nacos.common.remote.client.RpcClient.reconnect(RpcClient.java:502)
	at com.alibaba.nacos.common.remote.client.RpcClient.lambda$start$2(RpcClient.java:343)
	at java.base/java.util.concurrent.Executors$RunnableAdapter.call(Executors.java:539)
	at java.base/java.util.concurrent.FutureTask.run(FutureTask.java:264)
	at java.base/java.util.concurrent.ScheduledThreadPoolExecutor$ScheduledFutureTask.run(ScheduledThreadPoolExecutor.java:304)
	at java.base/java.util.concurrent.ThreadPoolExecutor.runWorker(ThreadPoolExecutor.java:1136)
	at java.base/java.util.concurrent.ThreadPoolExecutor$Worker.run(ThreadPoolExecutor.java:635)
	at java.base/java.lang.Thread.run(Thread.java:840)
Caused by: com.alibaba.nacos.shaded.io.grpc.StatusRuntimeException: UNAVAILABLE: Network closed for unknown reason
	at com.alibaba.nacos.shaded.io.grpc.Status.asRuntimeException(Status.java:539)
	at com.alibaba.nacos.shaded.io.grpc.stub.ClientCalls$UnaryStreamToFuture.onClose(ClientCalls.java:544)
	at com.alibaba.nacos.shaded.io.grpc.internal.DelayedClientCall$DelayedListener$3.run(DelayedClientCall.java:471)
	at com.alibaba.nacos.shaded.io.grpc.internal.DelayedClientCall$DelayedListener.delayOrExecute(DelayedClientCall.java:435)
	at com.alibaba.nacos.shaded.io.grpc.internal.DelayedClientCall$DelayedListener.onClose(DelayedClientCall.java:468)
	at com.alibaba.nacos.shaded.io.grpc.internal.ClientCallImpl.closeObserver(ClientCallImpl.java:563)
	at com.alibaba.nacos.shaded.io.grpc.internal.ClientCallImpl.access$300(ClientCallImpl.java:70)
	at com.alibaba.nacos.shaded.io.grpc.internal.ClientCallImpl$ClientStreamListenerImpl$1StreamClosed.runInternal(ClientCallImpl.java:744)
	at com.alibaba.nacos.shaded.io.grpc.internal.ClientCallImpl$ClientStreamListenerImpl$1StreamClosed.runInContext(ClientCallImpl.java:723)
	at com.alibaba.nacos.shaded.io.grpc.internal.ContextRunnable.run(ContextRunnable.java:37)
	at com.alibaba.nacos.shaded.io.grpc.internal.SerializingExecutor.run(SerializingExecutor.java:133)
	... 3 common frames omitted
2026-09-08 10:23:52.994 [com.alibaba.nacos.client.remote.worker] INFO  com.alibaba.nacos.common.remote.client - [78bdc8e0-1b5c-4335-89c0-bd6224245152] Fail to connect server, after trying 3 times, last try server is {serverIp = '127.0.0.1', server main port = 8848}, error = unknown
2026-09-08 10:23:53.017 [main] INFO  com.alibaba.nacos.client.naming - com.alibaba.nacos.client.naming.backups.FailoverReactor do shutdown stop
2026-09-08 10:23:53.017 [main] INFO  com.alibaba.nacos.client.naming - com.alibaba.nacos.client.naming.cache.ServiceInfoHolder do shutdown stop
2026-09-08 10:23:53.017 [main] INFO  com.alibaba.nacos.client.naming - com.alibaba.nacos.client.naming.remote.NamingClientProxyDelegate do shutdown begin
2026-09-08 10:23:53.018 [main] INFO  com.alibaba.nacos.client.naming - com.alibaba.nacos.client.naming.core.ServiceInfoUpdateService do shutdown begin
2026-09-08 10:23:53.018 [main] INFO  com.alibaba.nacos.client.naming - com.alibaba.nacos.client.naming.core.ServiceInfoUpdateService do shutdown stop
2026-09-08 10:23:53.018 [main] INFO  com.alibaba.nacos.client.naming - com.alibaba.nacos.client.naming.core.ServerListManager do shutdown begin
2026-09-08 10:23:53.018 [main] WARN  com.alibaba.nacos.client.naming - [NamingHttpClientManager] Start destroying NacosRestTemplate
2026-09-08 10:23:53.019 [main] WARN  com.alibaba.nacos.client.naming - [NamingHttpClientManager] Destruction of the end
2026-09-08 10:23:53.020 [main] INFO  com.alibaba.nacos.client.naming - com.alibaba.nacos.client.naming.core.ServerListManager do shutdown stop
2026-09-08 10:23:53.020 [main] INFO  com.alibaba.nacos.client.naming - com.alibaba.nacos.client.naming.remote.http.NamingHttpClientProxy do shutdown begin
2026-09-08 10:23:53.020 [main] WARN  com.alibaba.nacos.client.naming - [NamingHttpClientManager] Start destroying NacosRestTemplate
2026-09-08 10:23:53.020 [main] WARN  com.alibaba.nacos.client.naming - [NamingHttpClientManager] Destruction of the end
2026-09-08 10:23:53.020 [main] INFO  com.alibaba.nacos.client.naming - com.alibaba.nacos.client.naming.remote.http.NamingHttpClientProxy do shutdown stop
2026-09-08 10:23:53.020 [main] INFO  com.alibaba.nacos.common.remote.client - Shutdown rpc client, set status to shutdown
2026-09-08 10:23:53.021 [main] INFO  com.alibaba.nacos.common.remote.client - Shutdown client event executor java.util.concurrent.ScheduledThreadPoolExecutor@611c3eae[Running, pool size = 2, active threads = 2, queued tasks = 0, completed tasks = 0]
2026-09-08 10:23:53.021 [main] INFO  c.a.nacos.common.remote.client.grpc.GrpcClient - Shutdown grpc executor java.util.concurrent.ThreadPoolExecutor@13e00016[Running, pool size = 28, active threads = 0, queued tasks = 0, completed tasks = 28]
2026-09-08 10:23:53.021 [com.alibaba.nacos.client.remote.worker] INFO  com.alibaba.nacos.common.remote.client - [78bdc8e0-1b5c-4335-89c0-bd6224245152] Client is shutdown, stop reconnect to server
2026-09-08 10:23:53.022 [main] INFO  com.alibaba.nacos.client.naming - Shutdown grpc redo service executor java.util.concurrent.ScheduledThreadPoolExecutor@7b3cbe6e[Running, pool size = 1, active threads = 0, queued tasks = 1, completed tasks = 2]
2026-09-08 10:23:53.022 [main] INFO  c.a.n.client.auth.ram.identify.CredentialWatcher - [null] CredentialWatcher is stopped
2026-09-08 10:23:53.023 [main] INFO  c.a.n.client.auth.ram.identify.CredentialService - [null] CredentialService is freed
2026-09-08 10:23:53.023 [main] INFO  com.alibaba.nacos.client.naming - com.alibaba.nacos.client.naming.remote.NamingClientProxyDelegate do shutdown stop
2026-09-08 10:23:53.143 [main] INFO  org.apache.catalina.core.StandardService - Stopping service [Tomcat]
2026-09-08 10:23:53.199 [main] INFO  o.s.b.a.logging.ConditionEvaluationReportLogger - 

Error starting ApplicationContext. To display the condition evaluation report re-run your application with 'debug' enabled.
2026-09-08 10:23:53.294 [main] ERROR org.springframework.boot.SpringApplication - Application run failed
org.springframework.context.ApplicationContextException: Failed to start bean 'webServerStartStop'
	at org.springframework.context.support.DefaultLifecycleProcessor.doStart(DefaultLifecycleProcessor.java:181)
	at org.springframework.context.support.DefaultLifecycleProcessor$LifecycleGroup.start(DefaultLifecycleProcessor.java:356)
	at java.base/java.lang.Iterable.forEach(Iterable.java:75)
	at org.springframework.context.support.DefaultLifecycleProcessor.startBeans(DefaultLifecycleProcessor.java:155)
	at org.springframework.context.support.DefaultLifecycleProcessor.onRefresh(DefaultLifecycleProcessor.java:123)
	at org.springframework.context.support.AbstractApplicationContext.finishRefresh(AbstractApplicationContext.java:932)
	at org.springframework.context.support.AbstractApplicationContext.refresh(AbstractApplicationContext.java:587)
	at org.springframework.boot.web.servlet.context.ServletWebServerApplicationContext.refresh(ServletWebServerApplicationContext.java:146)
	at org.springframework.boot.SpringApplication.refresh(SpringApplication.java:730)
	at org.springframework.boot.SpringApplication.refreshContext(SpringApplication.java:432)
	at org.springframework.boot.SpringApplication.run(SpringApplication.java:308)
	at org.springframework.boot.SpringApplication.run(SpringApplication.java:1302)
	at org.springframework.boot.SpringApplication.run(SpringApplication.java:1291)
	at com.jiahuiling.xiaojiashu.user.biz.XiaojiashuUserBizApplication.main(XiaojiashuBizApplication.java:11)
Caused by: java.lang.reflect.UndeclaredThrowableException: null
	at org.springframework.util.ReflectionUtils.rethrowRuntimeException(ReflectionUtils.java:147)
	at com.alibaba.cloud.nacos.registry.NacosServiceRegistry.register(NacosServiceRegistry.java:83)
	at org.springframework.cloud.client.serviceregistry.AbstractAutoServiceRegistration.register(AbstractAutoServiceRegistration.java:264)
	at com.alibaba.cloud.nacos.registry.NacosAutoServiceRegistration.register(NacosAutoServiceRegistration.java:78)
	at org.springframework.cloud.client.serviceregistry.AbstractAutoServiceRegistration.start(AbstractAutoServiceRegistration.java:156)
	at org.springframework.cloud.client.serviceregistry.AbstractAutoServiceRegistration.onApplicationEvent(AbstractAutoServiceRegistration.java:119)
	at org.springframework.cloud.client.serviceregistry.AbstractAutoServiceRegistration.onApplicationEvent(AbstractAutoServiceRegistration.java:49)
	at org.springframework.context.event.SimpleApplicationEventMulticaster.doInvokeListener(SimpleApplicationEventMulticaster.java:176)
	at org.springframework.context.event.SimpleApplicationEventMulticaster.invokeListener(SimpleApplicationEventMulticaster.java:169)
	at org.springframework.context.event.SimpleApplicationEventMulticaster.multicastEvent(SimpleApplicationEventMulticaster.java:143)
	at org.springframework.context.support.AbstractApplicationContext.publishEvent(AbstractApplicationContext.java:413)
	at org.springframework.context.support.AbstractApplicationContext.publishEvent(AbstractApplicationContext.java:370)
	at org.springframework.boot.web.servlet.context.WebServerStartStopLifecycle.start(WebServerStartStopLifecycle.java:47)
	at org.springframework.context.support.DefaultLifecycleProcessor.doStart(DefaultLifecycleProcessor.java:178)
	... 13 common frames omitted
Caused by: com.alibaba.nacos.api.exception.NacosException: Client not connected, current status:STARTING
	at com.alibaba.nacos.common.remote.client.RpcClient.request(RpcClient.java:643)
	at com.alibaba.nacos.common.remote.client.RpcClient.request(RpcClient.java:623)
	at com.alibaba.nacos.client.naming.remote.gprc.NamingGrpcClientProxy.requestToServer(NamingGrpcClientProxy.java:357)
	at com.alibaba.nacos.client.naming.remote.gprc.NamingGrpcClientProxy.doRegisterService(NamingGrpcClientProxy.java:210)
	at com.alibaba.nacos.client.naming.remote.gprc.NamingGrpcClientProxy.registerService(NamingGrpcClientProxy.java:124)
	at com.alibaba.nacos.client.naming.remote.NamingClientProxyDelegate.registerService(NamingClientProxyDelegate.java:98)
	at com.alibaba.nacos.client.naming.NacosNamingService.registerInstance(NacosNamingService.java:143)
	at com.alibaba.cloud.nacos.registry.NacosServiceRegistry.register(NacosServiceRegistry.java:75)
	... 25 common frames omitted
2026-09-08 10:23:53.300 [Thread-10] WARN  c.alibaba.nacos.common.http.HttpClientBeanHolder - [HttpClientBeanHolder] Start destroying common HttpClient
2026-09-08 10:23:53.301 [Thread-7] WARN  com.alibaba.nacos.common.notify.NotifyCenter - [NotifyCenter] Start destroying Publisher
2026-09-08 10:23:53.301 [Thread-7] WARN  com.alibaba.nacos.common.notify.NotifyCenter - [NotifyCenter] Destruction of the end
2026-09-08 10:23:53.303 [Thread-10] WARN  c.alibaba.nacos.common.http.HttpClientBeanHolder - [HttpClientBeanHolder] Destruction of the end
2026-09-08 10:25:20.069 [main] WARN  com.alibaba.nacos.client.logging.NacosLogging - Load Logback Configuration of Nacos fail, message: Could not initialize Logback Nacos logging from classpath:nacos-logback.xml
2026-09-08 10:25:20.129 [main] WARN  com.alibaba.nacos.client.logging.NacosLogging - Load Logback Configuration of Nacos fail, message: Could not initialize Logback Nacos logging from classpath:nacos-logback.xml
2026-09-08 10:25:20.887 [main] WARN  com.alibaba.nacos.client.logging.NacosLogging - Load Logback Configuration of Nacos fail, message: Could not initialize Logback Nacos logging from classpath:nacos-logback.xml
2026-09-08 10:25:20.907 [main] WARN  com.alibaba.nacos.client.logging.NacosLogging - Load Logback Configuration of Nacos fail, message: Could not initialize Logback Nacos logging from classpath:nacos-logback.xml
2026-09-08 10:25:20.907 [main] INFO  c.j.xiaojiashu.user.biz.XiaojiashuBizApplication - The following 1 profile is active: "dev"
2026-09-08 10:25:21.372 [main] INFO  o.springframework.cloud.context.scope.GenericScope - BeanFactory id=65338e01-f781-3cd4-a597-c1be78775de7
2026-09-08 10:25:21.632 [main] INFO  o.s.boot.web.embedded.tomcat.TomcatWebServer - Tomcat initialized with port(s): 8082 (http)
2026-09-08 10:25:21.641 [main] INFO  org.apache.catalina.core.StandardService - Starting service [Tomcat]
2026-09-08 10:25:21.641 [main] INFO  org.apache.catalina.core.StandardEngine - Starting Servlet engine: [Apache Tomcat/10.1.5]
2026-09-08 10:25:21.735 [main] INFO  o.a.c.core.ContainerBase.[Tomcat].[localhost].[/] - Initializing Spring embedded WebApplicationContext
2026-09-08 10:25:21.735 [main] INFO  o.s.b.w.s.c.ServletWebServerApplicationContext - Root WebApplicationContext: initialization completed in 815 ms
2026-09-08 10:25:23.164 [main] INFO  o.s.boot.web.embedded.tomcat.TomcatWebServer - Tomcat started on port(s): 8082 (http) with context path ''
2026-09-08 10:25:23.172 [main] WARN  com.alibaba.nacos.client.logging.NacosLogging - Load Logback Configuration of Nacos fail, message: Could not initialize Logback Nacos logging from classpath:nacos-logback.xml
2026-09-08 10:25:23.172 [main] INFO  com.alibaba.nacos.client.naming - initializer namespace from ans.namespace attribute : null
2026-09-08 10:25:23.173 [main] INFO  com.alibaba.nacos.client.naming - initializer namespace from ALIBABA_ALIWARE_NAMESPACE attribute :null
2026-09-08 10:25:23.173 [main] INFO  com.alibaba.nacos.client.naming - initializer namespace from namespace attribute :null
2026-09-08 10:25:23.200 [main] INFO  com.alibaba.nacos.client.utils.ParamUtil - [settings] [req-serv] nacos-server port:8848
2026-09-08 10:25:23.201 [main] INFO  com.alibaba.nacos.client.utils.ParamUtil - [settings] [http-client] connect timeout:1000
2026-09-08 10:25:23.202 [main] INFO  com.alibaba.nacos.client.utils.ParamUtil - PER_TASK_CONFIG_SIZE: 3000.0
2026-09-08 10:25:23.208 [main] INFO  c.a.n.p.auth.spi.client.ClientAuthPluginManager - [ClientAuthPluginManager] Load ClientAuthService com.alibaba.nacos.client.auth.impl.NacosClientAuthServiceImpl success.
2026-09-08 10:25:23.208 [main] INFO  c.a.n.p.auth.spi.client.ClientAuthPluginManager - [ClientAuthPluginManager] Load ClientAuthService com.alibaba.nacos.client.auth.ram.RamClientAuthServiceImpl success.
2026-09-08 10:25:23.211 [main] INFO  c.a.n.client.auth.ram.identify.CredentialWatcher - null No credential found
2026-09-08 10:25:23.225 [main] INFO  com.alibaba.nacos.common.remote.client - [RpcClientFactory] create a new rpc client of 7658b4c1-af4f-4dca-89fa-680959013360
2026-09-08 10:25:23.247 [main] INFO  com.alibaba.nacos.common.remote.client - [7658b4c1-af4f-4dca-89fa-680959013360] RpcClient init, ServerListFactory = com.alibaba.nacos.client.naming.core.ServerListManager
2026-09-08 10:25:23.247 [main] INFO  com.alibaba.nacos.common.remote.client - [7658b4c1-af4f-4dca-89fa-680959013360] Registry connection listener to current client:com.alibaba.nacos.client.naming.remote.gprc.redo.NamingGrpcRedoService
2026-09-08 10:25:23.248 [main] INFO  com.alibaba.nacos.common.remote.client - [7658b4c1-af4f-4dca-89fa-680959013360] Register server push request handler:com.alibaba.nacos.client.naming.remote.gprc.NamingPushRequestHandler
2026-09-08 10:25:23.250 [main] INFO  com.alibaba.nacos.common.remote.client - [7658b4c1-af4f-4dca-89fa-680959013360] Try to connect to server on start up, server: {serverIp = '127.0.0.1', server main port = 8848}
2026-09-08 10:25:23.287 [main] INFO  c.a.nacos.common.remote.client.grpc.GrpcClient - grpc client connection server:127.0.0.1 ip,serverPort:9848,grpcTslConfig:{"sslProvider":"OPENSSL","enableTls":false,"mutualAuthEnable":false,"trustAll":false}
2026-09-08 10:25:24.291 [main] ERROR c.a.nacos.common.remote.client.grpc.GrpcClient - Server check fail, please check server 127.0.0.1 ,port 9848 is available , error ={}
java.util.concurrent.ExecutionException: com.alibaba.nacos.shaded.io.grpc.StatusRuntimeException: UNAVAILABLE: io exception
	at com.alibaba.nacos.shaded.com.google.common.util.concurrent.AbstractFuture.getDoneValue(AbstractFuture.java:566)
	at com.alibaba.nacos.shaded.com.google.common.util.concurrent.AbstractFuture.get(AbstractFuture.java:445)
	at com.alibaba.nacos.common.remote.client.grpc.GrpcClient.serverCheck(GrpcClient.java:218)
	at com.alibaba.nacos.common.remote.client.grpc.GrpcClient.connectToServer(GrpcClient.java:329)
	at com.alibaba.nacos.common.remote.client.RpcClient.start(RpcClient.java:363)
	at com.alibaba.nacos.client.naming.remote.gprc.NamingGrpcClientProxy.start(NamingGrpcClientProxy.java:105)
	at com.alibaba.nacos.client.naming.remote.gprc.NamingGrpcClientProxy.<init>(NamingGrpcClientProxy.java:98)
	at com.alibaba.nacos.client.naming.remote.NamingClientProxyDelegate.<init>(NamingClientProxyDelegate.java:78)
	at com.alibaba.nacos.client.naming.NacosNamingService.init(NacosNamingService.java:102)
	at com.alibaba.nacos.client.naming.NacosNamingService.<init>(NacosNamingService.java:85)
	at java.base/jdk.internal.reflect.NativeConstructorAccessorImpl.newInstance0(Native Method)
	at java.base/jdk.internal.reflect.NativeConstructorAccessorImpl.newInstance(NativeConstructorAccessorImpl.java:77)
	at java.base/jdk.internal.reflect.DelegatingConstructorAccessorImpl.newInstance(DelegatingConstructorAccessorImpl.java:45)
	at java.base/java.lang.reflect.Constructor.newInstanceWithCaller(Constructor.java:500)
	at java.base/java.lang.reflect.Constructor.newInstance(Constructor.java:481)
	at com.alibaba.nacos.api.naming.NamingFactory.createNamingService(NamingFactory.java:59)
	at com.alibaba.nacos.api.NacosFactory.createNamingService(NacosFactory.java:77)
	at com.alibaba.cloud.nacos.NacosServiceManager.createNewNamingService(NacosServiceManager.java:99)
	at com.alibaba.cloud.nacos.NacosServiceManager.buildNamingService(NacosServiceManager.java:90)
	at com.alibaba.cloud.nacos.NacosServiceManager.getNamingService(NacosServiceManager.java:46)
	at com.alibaba.cloud.nacos.registry.NacosServiceRegistry.namingService(NacosServiceRegistry.java:193)
	at com.alibaba.cloud.nacos.registry.NacosServiceRegistry.register(NacosServiceRegistry.java:68)
	at org.springframework.cloud.client.serviceregistry.AbstractAutoServiceRegistration.register(AbstractAutoServiceRegistration.java:264)
	at com.alibaba.cloud.nacos.registry.NacosAutoServiceRegistration.register(NacosAutoServiceRegistration.java:78)
	at org.springframework.cloud.client.serviceregistry.AbstractAutoServiceRegistration.start(AbstractAutoServiceRegistration.java:156)
	at org.springframework.cloud.client.serviceregistry.AbstractAutoServiceRegistration.onApplicationEvent(AbstractAutoServiceRegistration.java:119)
	at org.springframework.cloud.client.serviceregistry.AbstractAutoServiceRegistration.onApplicationEvent(AbstractAutoServiceRegistration.java:49)
	at org.springframework.context.event.SimpleApplicationEventMulticaster.doInvokeListener(SimpleApplicationEventMulticaster.java:176)
	at org.springframework.context.event.SimpleApplicationEventMulticaster.invokeListener(SimpleApplicationEventMulticaster.java:169)
	at org.springframework.context.event.SimpleApplicationEventMulticaster.multicastEvent(SimpleApplicationEventMulticaster.java:143)
	at org.springframework.context.support.AbstractApplicationContext.publishEvent(AbstractApplicationContext.java:413)
	at org.springframework.context.support.AbstractApplicationContext.publishEvent(AbstractApplicationContext.java:370)
	at org.springframework.boot.web.servlet.context.WebServerStartStopLifecycle.start(WebServerStartStopLifecycle.java:47)
	at org.springframework.context.support.DefaultLifecycleProcessor.doStart(DefaultLifecycleProcessor.java:178)
	at org.springframework.context.support.DefaultLifecycleProcessor$LifecycleGroup.start(DefaultLifecycleProcessor.java:356)
	at java.base/java.lang.Iterable.forEach(Iterable.java:75)
	at org.springframework.context.support.DefaultLifecycleProcessor.startBeans(DefaultLifecycleProcessor.java:155)
	at org.springframework.context.support.DefaultLifecycleProcessor.onRefresh(DefaultLifecycleProcessor.java:123)
	at org.springframework.context.support.AbstractApplicationContext.finishRefresh(AbstractApplicationContext.java:932)
	at org.springframework.context.support.AbstractApplicationContext.refresh(AbstractApplicationContext.java:587)
	at org.springframework.boot.web.servlet.context.ServletWebServerApplicationContext.refresh(ServletWebServerApplicationContext.java:146)
	at org.springframework.boot.SpringApplication.refresh(SpringApplication.java:730)
	at org.springframework.boot.SpringApplication.refreshContext(SpringApplication.java:432)
	at org.springframework.boot.SpringApplication.run(SpringApplication.java:308)
	at org.springframework.boot.SpringApplication.run(SpringApplication.java:1302)
	at org.springframework.boot.SpringApplication.run(SpringApplication.java:1291)
	at com.jiahuiling.xiaojiashu.user.biz.XiaojiashuUserBizApplication.main(XiaojiashuBizApplication.java:11)
Caused by: com.alibaba.nacos.shaded.io.grpc.StatusRuntimeException: UNAVAILABLE: io exception
	at com.alibaba.nacos.shaded.io.grpc.Status.asRuntimeException(Status.java:539)
	at com.alibaba.nacos.shaded.io.grpc.stub.ClientCalls$UnaryStreamToFuture.onClose(ClientCalls.java:544)
	at com.alibaba.nacos.shaded.io.grpc.internal.DelayedClientCall$DelayedListener$3.run(DelayedClientCall.java:471)
	at com.alibaba.nacos.shaded.io.grpc.internal.DelayedClientCall$DelayedListener.delayOrExecute(DelayedClientCall.java:435)
	at com.alibaba.nacos.shaded.io.grpc.internal.DelayedClientCall$DelayedListener.onClose(DelayedClientCall.java:468)
	at com.alibaba.nacos.shaded.io.grpc.internal.ClientCallImpl.closeObserver(ClientCallImpl.java:563)
	at com.alibaba.nacos.shaded.io.grpc.internal.ClientCallImpl.access$300(ClientCallImpl.java:70)
	at com.alibaba.nacos.shaded.io.grpc.internal.ClientCallImpl$ClientStreamListenerImpl$1StreamClosed.runInternal(ClientCallImpl.java:744)
	at com.alibaba.nacos.shaded.io.grpc.internal.ClientCallImpl$ClientStreamListenerImpl$1StreamClosed.runInContext(ClientCallImpl.java:723)
	at com.alibaba.nacos.shaded.io.grpc.internal.ContextRunnable.run(ContextRunnable.java:37)
	at com.alibaba.nacos.shaded.io.grpc.internal.SerializingExecutor.run(SerializingExecutor.java:133)
	at java.base/java.util.concurrent.ThreadPoolExecutor.runWorker(ThreadPoolExecutor.java:1136)
	at java.base/java.util.concurrent.ThreadPoolExecutor$Worker.run(ThreadPoolExecutor.java:635)
	at java.base/java.lang.Thread.run(Thread.java:840)
Caused by: com.alibaba.nacos.shaded.io.grpc.netty.shaded.io.netty.channel.AbstractChannel$AnnotatedConnectException: Connection refused: getsockopt: /127.0.0.1:9848
Caused by: java.net.ConnectException: Connection refused: getsockopt
	at java.base/sun.nio.ch.Net.pollConnect(Native Method)
	at java.base/sun.nio.ch.Net.pollConnectNow(Net.java:672)
	at java.base/sun.nio.ch.SocketChannelImpl.finishConnect(SocketChannelImpl.java:946)
	at com.alibaba.nacos.shaded.io.grpc.netty.shaded.io.netty.channel.socket.nio.NioSocketChannel.doFinishConnect(NioSocketChannel.java:337)
	at com.alibaba.nacos.shaded.io.grpc.netty.shaded.io.netty.channel.nio.AbstractNioChannel$AbstractNioUnsafe.finishConnect(AbstractNioChannel.java:334)
	at com.alibaba.nacos.shaded.io.grpc.netty.shaded.io.netty.channel.nio.NioEventLoop.processSelectedKey(NioEventLoop.java:710)
	at com.alibaba.nacos.shaded.io.grpc.netty.shaded.io.netty.channel.nio.NioEventLoop.processSelectedKeysOptimized(NioEventLoop.java:658)
	at com.alibaba.nacos.shaded.io.grpc.netty.shaded.io.netty.channel.nio.NioEventLoop.processSelectedKeys(NioEventLoop.java:584)
	at com.alibaba.nacos.shaded.io.grpc.netty.shaded.io.netty.channel.nio.NioEventLoop.run(NioEventLoop.java:496)
	at com.alibaba.nacos.shaded.io.grpc.netty.shaded.io.netty.util.concurrent.SingleThreadEventExecutor$4.run(SingleThreadEventExecutor.java:997)
	at com.alibaba.nacos.shaded.io.grpc.netty.shaded.io.netty.util.internal.ThreadExecutorMap$2.run(ThreadExecutorMap.java:74)
	at com.alibaba.nacos.shaded.io.grpc.netty.shaded.io.netty.util.concurrent.FastThreadLocalRunnable.run(FastThreadLocalRunnable.java:30)
	at java.base/java.lang.Thread.run(Thread.java:840)
2026-09-08 10:25:24.298 [main] INFO  com.alibaba.nacos.common.remote.client - [7658b4c1-af4f-4dca-89fa-680959013360] Try to connect to server on start up, server: {serverIp = '127.0.0.1', server main port = 8848}
2026-09-08 10:25:24.298 [main] INFO  c.a.nacos.common.remote.client.grpc.GrpcClient - grpc client connection server:127.0.0.1 ip,serverPort:9848,grpcTslConfig:{"sslProvider":"OPENSSL","enableTls":false,"mutualAuthEnable":false,"trustAll":false}
2026-09-08 10:25:24.303 [main] ERROR c.a.nacos.common.remote.client.grpc.GrpcClient - Server check fail, please check server 127.0.0.1 ,port 9848 is available , error ={}
java.util.concurrent.ExecutionException: com.alibaba.nacos.shaded.io.grpc.StatusRuntimeException: UNAVAILABLE: io exception
	at com.alibaba.nacos.shaded.com.google.common.util.concurrent.AbstractFuture.getDoneValue(AbstractFuture.java:566)
	at com.alibaba.nacos.shaded.com.google.common.util.concurrent.AbstractFuture.get(AbstractFuture.java:445)
	at com.alibaba.nacos.common.remote.client.grpc.GrpcClient.serverCheck(GrpcClient.java:218)
	at com.alibaba.nacos.common.remote.client.grpc.GrpcClient.connectToServer(GrpcClient.java:329)
	at com.alibaba.nacos.common.remote.client.RpcClient.start(RpcClient.java:363)
	at com.alibaba.nacos.client.naming.remote.gprc.NamingGrpcClientProxy.start(NamingGrpcClientProxy.java:105)
	at com.alibaba.nacos.client.naming.remote.gprc.NamingGrpcClientProxy.<init>(NamingGrpcClientProxy.java:98)
	at com.alibaba.nacos.client.naming.remote.NamingClientProxyDelegate.<init>(NamingClientProxyDelegate.java:78)
	at com.alibaba.nacos.client.naming.NacosNamingService.init(NacosNamingService.java:102)
	at com.alibaba.nacos.client.naming.NacosNamingService.<init>(NacosNamingService.java:85)
	at java.base/jdk.internal.reflect.NativeConstructorAccessorImpl.newInstance0(Native Method)
	at java.base/jdk.internal.reflect.NativeConstructorAccessorImpl.newInstance(NativeConstructorAccessorImpl.java:77)
	at java.base/jdk.internal.reflect.DelegatingConstructorAccessorImpl.newInstance(DelegatingConstructorAccessorImpl.java:45)
	at java.base/java.lang.reflect.Constructor.newInstanceWithCaller(Constructor.java:500)
	at java.base/java.lang.reflect.Constructor.newInstance(Constructor.java:481)
	at com.alibaba.nacos.api.naming.NamingFactory.createNamingService(NamingFactory.java:59)
	at com.alibaba.nacos.api.NacosFactory.createNamingService(NacosFactory.java:77)
	at com.alibaba.cloud.nacos.NacosServiceManager.createNewNamingService(NacosServiceManager.java:99)
	at com.alibaba.cloud.nacos.NacosServiceManager.buildNamingService(NacosServiceManager.java:90)
	at com.alibaba.cloud.nacos.NacosServiceManager.getNamingService(NacosServiceManager.java:46)
	at com.alibaba.cloud.nacos.registry.NacosServiceRegistry.namingService(NacosServiceRegistry.java:193)
	at com.alibaba.cloud.nacos.registry.NacosServiceRegistry.register(NacosServiceRegistry.java:68)
	at org.springframework.cloud.client.serviceregistry.AbstractAutoServiceRegistration.register(AbstractAutoServiceRegistration.java:264)
	at com.alibaba.cloud.nacos.registry.NacosAutoServiceRegistration.register(NacosAutoServiceRegistration.java:78)
	at org.springframework.cloud.client.serviceregistry.AbstractAutoServiceRegistration.start(AbstractAutoServiceRegistration.java:156)
	at org.springframework.cloud.client.serviceregistry.AbstractAutoServiceRegistration.onApplicationEvent(AbstractAutoServiceRegistration.java:119)
	at org.springframework.cloud.client.serviceregistry.AbstractAutoServiceRegistration.onApplicationEvent(AbstractAutoServiceRegistration.java:49)
	at org.springframework.context.event.SimpleApplicationEventMulticaster.doInvokeListener(SimpleApplicationEventMulticaster.java:176)
	at org.springframework.context.event.SimpleApplicationEventMulticaster.invokeListener(SimpleApplicationEventMulticaster.java:169)
	at org.springframework.context.event.SimpleApplicationEventMulticaster.multicastEvent(SimpleApplicationEventMulticaster.java:143)
	at org.springframework.context.support.AbstractApplicationContext.publishEvent(AbstractApplicationContext.java:413)
	at org.springframework.context.support.AbstractApplicationContext.publishEvent(AbstractApplicationContext.java:370)
	at org.springframework.boot.web.servlet.context.WebServerStartStopLifecycle.start(WebServerStartStopLifecycle.java:47)
	at org.springframework.context.support.DefaultLifecycleProcessor.doStart(DefaultLifecycleProcessor.java:178)
	at org.springframework.context.support.DefaultLifecycleProcessor$LifecycleGroup.start(DefaultLifecycleProcessor.java:356)
	at java.base/java.lang.Iterable.forEach(Iterable.java:75)
	at org.springframework.context.support.DefaultLifecycleProcessor.startBeans(DefaultLifecycleProcessor.java:155)
	at org.springframework.context.support.DefaultLifecycleProcessor.onRefresh(DefaultLifecycleProcessor.java:123)
	at org.springframework.context.support.AbstractApplicationContext.finishRefresh(AbstractApplicationContext.java:932)
	at org.springframework.context.support.AbstractApplicationContext.refresh(AbstractApplicationContext.java:587)
	at org.springframework.boot.web.servlet.context.ServletWebServerApplicationContext.refresh(ServletWebServerApplicationContext.java:146)
	at org.springframework.boot.SpringApplication.refresh(SpringApplication.java:730)
	at org.springframework.boot.SpringApplication.refreshContext(SpringApplication.java:432)
	at org.springframework.boot.SpringApplication.run(SpringApplication.java:308)
	at org.springframework.boot.SpringApplication.run(SpringApplication.java:1302)
	at org.springframework.boot.SpringApplication.run(SpringApplication.java:1291)
	at com.jiahuiling.xiaojiashu.user.biz.XiaojiashuUserBizApplication.main(XiaojiashuBizApplication.java:11)
Caused by: com.alibaba.nacos.shaded.io.grpc.StatusRuntimeException: UNAVAILABLE: io exception
	at com.alibaba.nacos.shaded.io.grpc.Status.asRuntimeException(Status.java:539)
	at com.alibaba.nacos.shaded.io.grpc.stub.ClientCalls$UnaryStreamToFuture.onClose(ClientCalls.java:544)
	at com.alibaba.nacos.shaded.io.grpc.internal.DelayedClientCall$DelayedListener$3.run(DelayedClientCall.java:471)
	at com.alibaba.nacos.shaded.io.grpc.internal.DelayedClientCall$DelayedListener.delayOrExecute(DelayedClientCall.java:435)
	at com.alibaba.nacos.shaded.io.grpc.internal.DelayedClientCall$DelayedListener.onClose(DelayedClientCall.java:468)
	at com.alibaba.nacos.shaded.io.grpc.internal.ClientCallImpl.closeObserver(ClientCallImpl.java:563)
	at com.alibaba.nacos.shaded.io.grpc.internal.ClientCallImpl.access$300(ClientCallImpl.java:70)
	at com.alibaba.nacos.shaded.io.grpc.internal.ClientCallImpl$ClientStreamListenerImpl$1StreamClosed.runInternal(ClientCallImpl.java:744)
	at com.alibaba.nacos.shaded.io.grpc.internal.ClientCallImpl$ClientStreamListenerImpl$1StreamClosed.runInContext(ClientCallImpl.java:723)
	at com.alibaba.nacos.shaded.io.grpc.internal.ContextRunnable.run(ContextRunnable.java:37)
	at com.alibaba.nacos.shaded.io.grpc.internal.SerializingExecutor.run(SerializingExecutor.java:133)
	at java.base/java.util.concurrent.ThreadPoolExecutor.runWorker(ThreadPoolExecutor.java:1136)
	at java.base/java.util.concurrent.ThreadPoolExecutor$Worker.run(ThreadPoolExecutor.java:635)
	at java.base/java.lang.Thread.run(Thread.java:840)
Caused by: com.alibaba.nacos.shaded.io.grpc.netty.shaded.io.netty.channel.AbstractChannel$AnnotatedConnectException: Connection refused: getsockopt: /127.0.0.1:9848
Caused by: java.net.ConnectException: Connection refused: getsockopt
	at java.base/sun.nio.ch.Net.pollConnect(Native Method)
	at java.base/sun.nio.ch.Net.pollConnectNow(Net.java:672)
	at java.base/sun.nio.ch.SocketChannelImpl.finishConnect(SocketChannelImpl.java:946)
	at com.alibaba.nacos.shaded.io.grpc.netty.shaded.io.netty.channel.socket.nio.NioSocketChannel.doFinishConnect(NioSocketChannel.java:337)
	at com.alibaba.nacos.shaded.io.grpc.netty.shaded.io.netty.channel.nio.AbstractNioChannel$AbstractNioUnsafe.finishConnect(AbstractNioChannel.java:334)
	at com.alibaba.nacos.shaded.io.grpc.netty.shaded.io.netty.channel.nio.NioEventLoop.processSelectedKey(NioEventLoop.java:710)
	at com.alibaba.nacos.shaded.io.grpc.netty.shaded.io.netty.channel.nio.NioEventLoop.processSelectedKeysOptimized(NioEventLoop.java:658)
	at com.alibaba.nacos.shaded.io.grpc.netty.shaded.io.netty.channel.nio.NioEventLoop.processSelectedKeys(NioEventLoop.java:584)
	at com.alibaba.nacos.shaded.io.grpc.netty.shaded.io.netty.channel.nio.NioEventLoop.run(NioEventLoop.java:496)
	at com.alibaba.nacos.shaded.io.grpc.netty.shaded.io.netty.util.concurrent.SingleThreadEventExecutor$4.run(SingleThreadEventExecutor.java:997)
	at com.alibaba.nacos.shaded.io.grpc.netty.shaded.io.netty.util.internal.ThreadExecutorMap$2.run(ThreadExecutorMap.java:74)
	at com.alibaba.nacos.shaded.io.grpc.netty.shaded.io.netty.util.concurrent.FastThreadLocalRunnable.run(FastThreadLocalRunnable.java:30)
	at java.base/java.lang.Thread.run(Thread.java:840)
2026-09-08 10:25:24.304 [main] INFO  com.alibaba.nacos.common.remote.client - [7658b4c1-af4f-4dca-89fa-680959013360] Try to connect to server on start up, server: {serverIp = '127.0.0.1', server main port = 8848}
2026-09-08 10:25:24.304 [main] INFO  c.a.nacos.common.remote.client.grpc.GrpcClient - grpc client connection server:127.0.0.1 ip,serverPort:9848,grpcTslConfig:{"sslProvider":"OPENSSL","enableTls":false,"mutualAuthEnable":false,"trustAll":false}
2026-09-08 10:25:24.311 [main] ERROR c.a.nacos.common.remote.client.grpc.GrpcClient - Server check fail, please check server 127.0.0.1 ,port 9848 is available , error ={}
java.util.concurrent.ExecutionException: com.alibaba.nacos.shaded.io.grpc.StatusRuntimeException: UNAVAILABLE: io exception
	at com.alibaba.nacos.shaded.com.google.common.util.concurrent.AbstractFuture.getDoneValue(AbstractFuture.java:566)
	at com.alibaba.nacos.shaded.com.google.common.util.concurrent.AbstractFuture.get(AbstractFuture.java:445)
	at com.alibaba.nacos.common.remote.client.grpc.GrpcClient.serverCheck(GrpcClient.java:218)
	at com.alibaba.nacos.common.remote.client.grpc.GrpcClient.connectToServer(GrpcClient.java:329)
	at com.alibaba.nacos.common.remote.client.RpcClient.start(RpcClient.java:363)
	at com.alibaba.nacos.client.naming.remote.gprc.NamingGrpcClientProxy.start(NamingGrpcClientProxy.java:105)
	at com.alibaba.nacos.client.naming.remote.gprc.NamingGrpcClientProxy.<init>(NamingGrpcClientProxy.java:98)
	at com.alibaba.nacos.client.naming.remote.NamingClientProxyDelegate.<init>(NamingClientProxyDelegate.java:78)
	at com.alibaba.nacos.client.naming.NacosNamingService.init(NacosNamingService.java:102)
	at com.alibaba.nacos.client.naming.NacosNamingService.<init>(NacosNamingService.java:85)
	at java.base/jdk.internal.reflect.NativeConstructorAccessorImpl.newInstance0(Native Method)
	at java.base/jdk.internal.reflect.NativeConstructorAccessorImpl.newInstance(NativeConstructorAccessorImpl.java:77)
	at java.base/jdk.internal.reflect.DelegatingConstructorAccessorImpl.newInstance(DelegatingConstructorAccessorImpl.java:45)
	at java.base/java.lang.reflect.Constructor.newInstanceWithCaller(Constructor.java:500)
	at java.base/java.lang.reflect.Constructor.newInstance(Constructor.java:481)
	at com.alibaba.nacos.api.naming.NamingFactory.createNamingService(NamingFactory.java:59)
	at com.alibaba.nacos.api.NacosFactory.createNamingService(NacosFactory.java:77)
	at com.alibaba.cloud.nacos.NacosServiceManager.createNewNamingService(NacosServiceManager.java:99)
	at com.alibaba.cloud.nacos.NacosServiceManager.buildNamingService(NacosServiceManager.java:90)
	at com.alibaba.cloud.nacos.NacosServiceManager.getNamingService(NacosServiceManager.java:46)
	at com.alibaba.cloud.nacos.registry.NacosServiceRegistry.namingService(NacosServiceRegistry.java:193)
	at com.alibaba.cloud.nacos.registry.NacosServiceRegistry.register(NacosServiceRegistry.java:68)
	at org.springframework.cloud.client.serviceregistry.AbstractAutoServiceRegistration.register(AbstractAutoServiceRegistration.java:264)
	at com.alibaba.cloud.nacos.registry.NacosAutoServiceRegistration.register(NacosAutoServiceRegistration.java:78)
	at org.springframework.cloud.client.serviceregistry.AbstractAutoServiceRegistration.start(AbstractAutoServiceRegistration.java:156)
	at org.springframework.cloud.client.serviceregistry.AbstractAutoServiceRegistration.onApplicationEvent(AbstractAutoServiceRegistration.java:119)
	at org.springframework.cloud.client.serviceregistry.AbstractAutoServiceRegistration.onApplicationEvent(AbstractAutoServiceRegistration.java:49)
	at org.springframework.context.event.SimpleApplicationEventMulticaster.doInvokeListener(SimpleApplicationEventMulticaster.java:176)
	at org.springframework.context.event.SimpleApplicationEventMulticaster.invokeListener(SimpleApplicationEventMulticaster.java:169)
	at org.springframework.context.event.SimpleApplicationEventMulticaster.multicastEvent(SimpleApplicationEventMulticaster.java:143)
	at org.springframework.context.support.AbstractApplicationContext.publishEvent(AbstractApplicationContext.java:413)
	at org.springframework.context.support.AbstractApplicationContext.publishEvent(AbstractApplicationContext.java:370)
	at org.springframework.boot.web.servlet.context.WebServerStartStopLifecycle.start(WebServerStartStopLifecycle.java:47)
	at org.springframework.context.support.DefaultLifecycleProcessor.doStart(DefaultLifecycleProcessor.java:178)
	at org.springframework.context.support.DefaultLifecycleProcessor$LifecycleGroup.start(DefaultLifecycleProcessor.java:356)
	at java.base/java.lang.Iterable.forEach(Iterable.java:75)
	at org.springframework.context.support.DefaultLifecycleProcessor.startBeans(DefaultLifecycleProcessor.java:155)
	at org.springframework.context.support.DefaultLifecycleProcessor.onRefresh(DefaultLifecycleProcessor.java:123)
	at org.springframework.context.support.AbstractApplicationContext.finishRefresh(AbstractApplicationContext.java:932)
	at org.springframework.context.support.AbstractApplicationContext.refresh(AbstractApplicationContext.java:587)
	at org.springframework.boot.web.servlet.context.ServletWebServerApplicationContext.refresh(ServletWebServerApplicationContext.java:146)
	at org.springframework.boot.SpringApplication.refresh(SpringApplication.java:730)
	at org.springframework.boot.SpringApplication.refreshContext(SpringApplication.java:432)
	at org.springframework.boot.SpringApplication.run(SpringApplication.java:308)
	at org.springframework.boot.SpringApplication.run(SpringApplication.java:1302)
	at org.springframework.boot.SpringApplication.run(SpringApplication.java:1291)
	at com.jiahuiling.xiaojiashu.user.biz.XiaojiashuUserBizApplication.main(XiaojiashuBizApplication.java:11)
Caused by: com.alibaba.nacos.shaded.io.grpc.StatusRuntimeException: UNAVAILABLE: io exception
	at com.alibaba.nacos.shaded.io.grpc.Status.asRuntimeException(Status.java:539)
	at com.alibaba.nacos.shaded.io.grpc.stub.ClientCalls$UnaryStreamToFuture.onClose(ClientCalls.java:544)
	at com.alibaba.nacos.shaded.io.grpc.internal.DelayedClientCall$DelayedListener$3.run(DelayedClientCall.java:471)
	at com.alibaba.nacos.shaded.io.grpc.internal.DelayedClientCall$DelayedListener.delayOrExecute(DelayedClientCall.java:435)
	at com.alibaba.nacos.shaded.io.grpc.internal.DelayedClientCall$DelayedListener.onClose(DelayedClientCall.java:468)
	at com.alibaba.nacos.shaded.io.grpc.internal.ClientCallImpl.closeObserver(ClientCallImpl.java:563)
	at com.alibaba.nacos.shaded.io.grpc.internal.ClientCallImpl.access$300(ClientCallImpl.java:70)
	at com.alibaba.nacos.shaded.io.grpc.internal.ClientCallImpl$ClientStreamListenerImpl$1StreamClosed.runInternal(ClientCallImpl.java:744)
	at com.alibaba.nacos.shaded.io.grpc.internal.ClientCallImpl$ClientStreamListenerImpl$1StreamClosed.runInContext(ClientCallImpl.java:723)
	at com.alibaba.nacos.shaded.io.grpc.internal.ContextRunnable.run(ContextRunnable.java:37)
	at com.alibaba.nacos.shaded.io.grpc.internal.SerializingExecutor.run(SerializingExecutor.java:133)
	at java.base/java.util.concurrent.ThreadPoolExecutor.runWorker(ThreadPoolExecutor.java:1136)
	at java.base/java.util.concurrent.ThreadPoolExecutor$Worker.run(ThreadPoolExecutor.java:635)
	at java.base/java.lang.Thread.run(Thread.java:840)
Caused by: com.alibaba.nacos.shaded.io.grpc.netty.shaded.io.netty.channel.AbstractChannel$AnnotatedConnectException: Connection refused: getsockopt: /127.0.0.1:9848
Caused by: java.net.ConnectException: Connection refused: getsockopt
	at java.base/sun.nio.ch.Net.pollConnect(Native Method)
	at java.base/sun.nio.ch.Net.pollConnectNow(Net.java:672)
	at java.base/sun.nio.ch.SocketChannelImpl.finishConnect(SocketChannelImpl.java:946)
	at com.alibaba.nacos.shaded.io.grpc.netty.shaded.io.netty.channel.socket.nio.NioSocketChannel.doFinishConnect(NioSocketChannel.java:337)
	at com.alibaba.nacos.shaded.io.grpc.netty.shaded.io.netty.channel.nio.AbstractNioChannel$AbstractNioUnsafe.finishConnect(AbstractNioChannel.java:334)
	at com.alibaba.nacos.shaded.io.grpc.netty.shaded.io.netty.channel.nio.NioEventLoop.processSelectedKey(NioEventLoop.java:710)
	at com.alibaba.nacos.shaded.io.grpc.netty.shaded.io.netty.channel.nio.NioEventLoop.processSelectedKeysOptimized(NioEventLoop.java:658)
	at com.alibaba.nacos.shaded.io.grpc.netty.shaded.io.netty.channel.nio.NioEventLoop.processSelectedKeys(NioEventLoop.java:584)
	at com.alibaba.nacos.shaded.io.grpc.netty.shaded.io.netty.channel.nio.NioEventLoop.run(NioEventLoop.java:496)
	at com.alibaba.nacos.shaded.io.grpc.netty.shaded.io.netty.util.concurrent.SingleThreadEventExecutor$4.run(SingleThreadEventExecutor.java:997)
	at com.alibaba.nacos.shaded.io.grpc.netty.shaded.io.netty.util.internal.ThreadExecutorMap$2.run(ThreadExecutorMap.java:74)
	at com.alibaba.nacos.shaded.io.grpc.netty.shaded.io.netty.util.concurrent.FastThreadLocalRunnable.run(FastThreadLocalRunnable.java:30)
	at java.base/java.lang.Thread.run(Thread.java:840)
2026-09-08 10:25:24.312 [com.alibaba.nacos.client.remote.worker] INFO  com.alibaba.nacos.common.remote.client - [7658b4c1-af4f-4dca-89fa-680959013360] Try to reconnect to a new server, server is  not appointed, will choose a random server.
2026-09-08 10:25:24.312 [com.alibaba.nacos.client.remote.worker] INFO  c.a.nacos.common.remote.client.grpc.GrpcClient - grpc client connection server:127.0.0.1 ip,serverPort:9848,grpcTslConfig:{"sslProvider":"OPENSSL","enableTls":false,"mutualAuthEnable":false,"trustAll":false}
2026-09-08 10:25:24.313 [main] INFO  com.alibaba.nacos.common.remote.client - [7658b4c1-af4f-4dca-89fa-680959013360] Register server push request handler:com.alibaba.nacos.common.remote.client.RpcClient$ConnectResetRequestHandler
2026-09-08 10:25:24.313 [main] INFO  com.alibaba.nacos.common.remote.client - [7658b4c1-af4f-4dca-89fa-680959013360] Register server push request handler:com.alibaba.nacos.common.remote.client.RpcClient$$Lambda$905/0x000001a2c6635e18
2026-09-08 10:25:24.314 [main] INFO  com.alibaba.nacos.client.naming - [REGISTER-SERVICE] xiaojiashu registering service xiaojiashu-user with instance Instance{instanceId='null', ip='192.168.52.11', port=8082, weight=1.0, healthy=true, enabled=true, ephemeral=true, clusterName='DEFAULT', serviceName='null', metadata={IPv6=null, preserved.register.source=SPRING_CLOUD}}
2026-09-08 10:25:24.317 [com.alibaba.nacos.client.remote.worker] ERROR c.a.nacos.common.remote.client.grpc.GrpcClient - Server check fail, please check server 127.0.0.1 ,port 9848 is available , error ={}
java.util.concurrent.ExecutionException: com.alibaba.nacos.shaded.io.grpc.StatusRuntimeException: UNAVAILABLE: io exception
	at com.alibaba.nacos.shaded.com.google.common.util.concurrent.AbstractFuture.getDoneValue(AbstractFuture.java:566)
	at com.alibaba.nacos.shaded.com.google.common.util.concurrent.AbstractFuture.get(AbstractFuture.java:445)
	at com.alibaba.nacos.common.remote.client.grpc.GrpcClient.serverCheck(GrpcClient.java:218)
	at com.alibaba.nacos.common.remote.client.grpc.GrpcClient.connectToServer(GrpcClient.java:329)
	at com.alibaba.nacos.common.remote.client.RpcClient.reconnect(RpcClient.java:502)
	at com.alibaba.nacos.common.remote.client.RpcClient.lambda$start$2(RpcClient.java:343)
	at java.base/java.util.concurrent.Executors$RunnableAdapter.call(Executors.java:539)
	at java.base/java.util.concurrent.FutureTask.run(FutureTask.java:264)
	at java.base/java.util.concurrent.ScheduledThreadPoolExecutor$ScheduledFutureTask.run(ScheduledThreadPoolExecutor.java:304)
	at java.base/java.util.concurrent.ThreadPoolExecutor.runWorker(ThreadPoolExecutor.java:1136)
	at java.base/java.util.concurrent.ThreadPoolExecutor$Worker.run(ThreadPoolExecutor.java:635)
	at java.base/java.lang.Thread.run(Thread.java:840)
Caused by: com.alibaba.nacos.shaded.io.grpc.StatusRuntimeException: UNAVAILABLE: io exception
	at com.alibaba.nacos.shaded.io.grpc.Status.asRuntimeException(Status.java:539)
	at com.alibaba.nacos.shaded.io.grpc.stub.ClientCalls$UnaryStreamToFuture.onClose(ClientCalls.java:544)
	at com.alibaba.nacos.shaded.io.grpc.internal.DelayedClientCall$DelayedListener$3.run(DelayedClientCall.java:471)
	at com.alibaba.nacos.shaded.io.grpc.internal.DelayedClientCall$DelayedListener.delayOrExecute(DelayedClientCall.java:435)
	at com.alibaba.nacos.shaded.io.grpc.internal.DelayedClientCall$DelayedListener.onClose(DelayedClientCall.java:468)
	at com.alibaba.nacos.shaded.io.grpc.internal.ClientCallImpl.closeObserver(ClientCallImpl.java:563)
	at com.alibaba.nacos.shaded.io.grpc.internal.ClientCallImpl.access$300(ClientCallImpl.java:70)
	at com.alibaba.nacos.shaded.io.grpc.internal.ClientCallImpl$ClientStreamListenerImpl$1StreamClosed.runInternal(ClientCallImpl.java:744)
	at com.alibaba.nacos.shaded.io.grpc.internal.ClientCallImpl$ClientStreamListenerImpl$1StreamClosed.runInContext(ClientCallImpl.java:723)
	at com.alibaba.nacos.shaded.io.grpc.internal.ContextRunnable.run(ContextRunnable.java:37)
	at com.alibaba.nacos.shaded.io.grpc.internal.SerializingExecutor.run(SerializingExecutor.java:133)
	... 3 common frames omitted
Caused by: com.alibaba.nacos.shaded.io.grpc.netty.shaded.io.netty.channel.AbstractChannel$AnnotatedConnectException: Connection refused: getsockopt: /127.0.0.1:9848
Caused by: java.net.ConnectException: Connection refused: getsockopt
	at java.base/sun.nio.ch.Net.pollConnect(Native Method)
	at java.base/sun.nio.ch.Net.pollConnectNow(Net.java:672)
	at java.base/sun.nio.ch.SocketChannelImpl.finishConnect(SocketChannelImpl.java:946)
	at com.alibaba.nacos.shaded.io.grpc.netty.shaded.io.netty.channel.socket.nio.NioSocketChannel.doFinishConnect(NioSocketChannel.java:337)
	at com.alibaba.nacos.shaded.io.grpc.netty.shaded.io.netty.channel.nio.AbstractNioChannel$AbstractNioUnsafe.finishConnect(AbstractNioChannel.java:334)
	at com.alibaba.nacos.shaded.io.grpc.netty.shaded.io.netty.channel.nio.NioEventLoop.processSelectedKey(NioEventLoop.java:710)
	at com.alibaba.nacos.shaded.io.grpc.netty.shaded.io.netty.channel.nio.NioEventLoop.processSelectedKeysOptimized(NioEventLoop.java:658)
	at com.alibaba.nacos.shaded.io.grpc.netty.shaded.io.netty.channel.nio.NioEventLoop.processSelectedKeys(NioEventLoop.java:584)
	at com.alibaba.nacos.shaded.io.grpc.netty.shaded.io.netty.channel.nio.NioEventLoop.run(NioEventLoop.java:496)
	at com.alibaba.nacos.shaded.io.grpc.netty.shaded.io.netty.util.concurrent.SingleThreadEventExecutor$4.run(SingleThreadEventExecutor.java:997)
	at com.alibaba.nacos.shaded.io.grpc.netty.shaded.io.netty.util.internal.ThreadExecutorMap$2.run(ThreadExecutorMap.java:74)
	at com.alibaba.nacos.shaded.io.grpc.netty.shaded.io.netty.util.concurrent.FastThreadLocalRunnable.run(FastThreadLocalRunnable.java:30)
	at java.base/java.lang.Thread.run(Thread.java:840)
2026-09-08 10:25:24.431 [com.alibaba.nacos.client.remote.worker] INFO  c.a.nacos.common.remote.client.grpc.GrpcClient - grpc client connection server:127.0.0.1 ip,serverPort:9848,grpcTslConfig:{"sslProvider":"OPENSSL","enableTls":false,"mutualAuthEnable":false,"trustAll":false}
2026-09-08 10:25:24.431 [main] ERROR com.alibaba.nacos.common.remote.client - Send request fail, request = InstanceRequest{headers={app=unknown}, requestId='null'}, retryTimes = 0, errorMessage = Client not connected, current status:STARTING
2026-09-08 10:25:24.436 [com.alibaba.nacos.client.remote.worker] ERROR c.a.nacos.common.remote.client.grpc.GrpcClient - Server check fail, please check server 127.0.0.1 ,port 9848 is available , error ={}
java.util.concurrent.ExecutionException: com.alibaba.nacos.shaded.io.grpc.StatusRuntimeException: UNAVAILABLE: io exception
	at com.alibaba.nacos.shaded.com.google.common.util.concurrent.AbstractFuture.getDoneValue(AbstractFuture.java:566)
	at com.alibaba.nacos.shaded.com.google.common.util.concurrent.AbstractFuture.get(AbstractFuture.java:445)
	at com.alibaba.nacos.common.remote.client.grpc.GrpcClient.serverCheck(GrpcClient.java:218)
	at com.alibaba.nacos.common.remote.client.grpc.GrpcClient.connectToServer(GrpcClient.java:329)
	at com.alibaba.nacos.common.remote.client.RpcClient.reconnect(RpcClient.java:502)
	at com.alibaba.nacos.common.remote.client.RpcClient.lambda$start$2(RpcClient.java:343)
	at java.base/java.util.concurrent.Executors$RunnableAdapter.call(Executors.java:539)
	at java.base/java.util.concurrent.FutureTask.run(FutureTask.java:264)
	at java.base/java.util.concurrent.ScheduledThreadPoolExecutor$ScheduledFutureTask.run(ScheduledThreadPoolExecutor.java:304)
	at java.base/java.util.concurrent.ThreadPoolExecutor.runWorker(ThreadPoolExecutor.java:1136)
	at java.base/java.util.concurrent.ThreadPoolExecutor$Worker.run(ThreadPoolExecutor.java:635)
	at java.base/java.lang.Thread.run(Thread.java:840)
Caused by: com.alibaba.nacos.shaded.io.grpc.StatusRuntimeException: UNAVAILABLE: io exception
	at com.alibaba.nacos.shaded.io.grpc.Status.asRuntimeException(Status.java:539)
	at com.alibaba.nacos.shaded.io.grpc.stub.ClientCalls$UnaryStreamToFuture.onClose(ClientCalls.java:544)
	at com.alibaba.nacos.shaded.io.grpc.internal.DelayedClientCall$DelayedListener$3.run(DelayedClientCall.java:471)
	at com.alibaba.nacos.shaded.io.grpc.internal.DelayedClientCall$DelayedListener.delayOrExecute(DelayedClientCall.java:435)
	at com.alibaba.nacos.shaded.io.grpc.internal.DelayedClientCall$DelayedListener.onClose(DelayedClientCall.java:468)
	at com.alibaba.nacos.shaded.io.grpc.internal.ClientCallImpl.closeObserver(ClientCallImpl.java:563)
	at com.alibaba.nacos.shaded.io.grpc.internal.ClientCallImpl.access$300(ClientCallImpl.java:70)
	at com.alibaba.nacos.shaded.io.grpc.internal.ClientCallImpl$ClientStreamListenerImpl$1StreamClosed.runInternal(ClientCallImpl.java:744)
	at com.alibaba.nacos.shaded.io.grpc.internal.ClientCallImpl$ClientStreamListenerImpl$1StreamClosed.runInContext(ClientCallImpl.java:723)
	at com.alibaba.nacos.shaded.io.grpc.internal.ContextRunnable.run(ContextRunnable.java:37)
	at com.alibaba.nacos.shaded.io.grpc.internal.SerializingExecutor.run(SerializingExecutor.java:133)
	... 3 common frames omitted
Caused by: com.alibaba.nacos.shaded.io.grpc.netty.shaded.io.netty.channel.AbstractChannel$AnnotatedConnectException: Connection refused: getsockopt: /127.0.0.1:9848
Caused by: java.net.ConnectException: Connection refused: getsockopt
	at java.base/sun.nio.ch.Net.pollConnect(Native Method)
	at java.base/sun.nio.ch.Net.pollConnectNow(Net.java:672)
	at java.base/sun.nio.ch.SocketChannelImpl.finishConnect(SocketChannelImpl.java:946)
	at com.alibaba.nacos.shaded.io.grpc.netty.shaded.io.netty.channel.socket.nio.NioSocketChannel.doFinishConnect(NioSocketChannel.java:337)
	at com.alibaba.nacos.shaded.io.grpc.netty.shaded.io.netty.channel.nio.AbstractNioChannel$AbstractNioUnsafe.finishConnect(AbstractNioChannel.java:334)
	at com.alibaba.nacos.shaded.io.grpc.netty.shaded.io.netty.channel.nio.NioEventLoop.processSelectedKey(NioEventLoop.java:710)
	at com.alibaba.nacos.shaded.io.grpc.netty.shaded.io.netty.channel.nio.NioEventLoop.processSelectedKeysOptimized(NioEventLoop.java:658)
	at com.alibaba.nacos.shaded.io.grpc.netty.shaded.io.netty.channel.nio.NioEventLoop.processSelectedKeys(NioEventLoop.java:584)
	at com.alibaba.nacos.shaded.io.grpc.netty.shaded.io.netty.channel.nio.NioEventLoop.run(NioEventLoop.java:496)
	at com.alibaba.nacos.shaded.io.grpc.netty.shaded.io.netty.util.concurrent.SingleThreadEventExecutor$4.run(SingleThreadEventExecutor.java:997)
	at com.alibaba.nacos.shaded.io.grpc.netty.shaded.io.netty.util.internal.ThreadExecutorMap$2.run(ThreadExecutorMap.java:74)
	at com.alibaba.nacos.shaded.io.grpc.netty.shaded.io.netty.util.concurrent.FastThreadLocalRunnable.run(FastThreadLocalRunnable.java:30)
	at java.base/java.lang.Thread.run(Thread.java:840)
2026-09-08 10:25:24.437 [com.alibaba.nacos.client.remote.worker] INFO  com.alibaba.nacos.common.remote.client - [7658b4c1-af4f-4dca-89fa-680959013360] Fail to connect server, after trying 1 times, last try server is {serverIp = '127.0.0.1', server main port = 8848}, error = unknown
2026-09-08 10:25:24.541 [main] ERROR com.alibaba.nacos.common.remote.client - Send request fail, request = InstanceRequest{headers={app=unknown}, requestId='null'}, retryTimes = 1, errorMessage = Client not connected, current status:STARTING
2026-09-08 10:25:24.651 [main] ERROR com.alibaba.nacos.common.remote.client - Send request fail, request = InstanceRequest{headers={app=unknown}, requestId='null'}, retryTimes = 2, errorMessage = Client not connected, current status:STARTING
2026-09-08 10:25:24.651 [com.alibaba.nacos.client.remote.worker] INFO  c.a.nacos.common.remote.client.grpc.GrpcClient - grpc client connection server:127.0.0.1 ip,serverPort:9848,grpcTslConfig:{"sslProvider":"OPENSSL","enableTls":false,"mutualAuthEnable":false,"trustAll":false}
2026-09-08 10:25:24.656 [com.alibaba.nacos.client.remote.worker] ERROR c.a.nacos.common.remote.client.grpc.GrpcClient - Server check fail, please check server 127.0.0.1 ,port 9848 is available , error ={}
java.util.concurrent.ExecutionException: com.alibaba.nacos.shaded.io.grpc.StatusRuntimeException: UNAVAILABLE: io exception
	at com.alibaba.nacos.shaded.com.google.common.util.concurrent.AbstractFuture.getDoneValue(AbstractFuture.java:566)
	at com.alibaba.nacos.shaded.com.google.common.util.concurrent.AbstractFuture.get(AbstractFuture.java:445)
	at com.alibaba.nacos.common.remote.client.grpc.GrpcClient.serverCheck(GrpcClient.java:218)
	at com.alibaba.nacos.common.remote.client.grpc.GrpcClient.connectToServer(GrpcClient.java:329)
	at com.alibaba.nacos.common.remote.client.RpcClient.reconnect(RpcClient.java:502)
	at com.alibaba.nacos.common.remote.client.RpcClient.lambda$start$2(RpcClient.java:343)
	at java.base/java.util.concurrent.Executors$RunnableAdapter.call(Executors.java:539)
	at java.base/java.util.concurrent.FutureTask.run(FutureTask.java:264)
	at java.base/java.util.concurrent.ScheduledThreadPoolExecutor$ScheduledFutureTask.run(ScheduledThreadPoolExecutor.java:304)
	at java.base/java.util.concurrent.ThreadPoolExecutor.runWorker(ThreadPoolExecutor.java:1136)
	at java.base/java.util.concurrent.ThreadPoolExecutor$Worker.run(ThreadPoolExecutor.java:635)
	at java.base/java.lang.Thread.run(Thread.java:840)
Caused by: com.alibaba.nacos.shaded.io.grpc.StatusRuntimeException: UNAVAILABLE: io exception
	at com.alibaba.nacos.shaded.io.grpc.Status.asRuntimeException(Status.java:539)
	at com.alibaba.nacos.shaded.io.grpc.stub.ClientCalls$UnaryStreamToFuture.onClose(ClientCalls.java:544)
	at com.alibaba.nacos.shaded.io.grpc.internal.DelayedClientCall$DelayedListener$3.run(DelayedClientCall.java:471)
	at com.alibaba.nacos.shaded.io.grpc.internal.DelayedClientCall$DelayedListener.delayOrExecute(DelayedClientCall.java:435)
	at com.alibaba.nacos.shaded.io.grpc.internal.DelayedClientCall$DelayedListener.onClose(DelayedClientCall.java:468)
	at com.alibaba.nacos.shaded.io.grpc.internal.ClientCallImpl.closeObserver(ClientCallImpl.java:563)
	at com.alibaba.nacos.shaded.io.grpc.internal.ClientCallImpl.access$300(ClientCallImpl.java:70)
	at com.alibaba.nacos.shaded.io.grpc.internal.ClientCallImpl$ClientStreamListenerImpl$1StreamClosed.runInternal(ClientCallImpl.java:744)
	at com.alibaba.nacos.shaded.io.grpc.internal.ClientCallImpl$ClientStreamListenerImpl$1StreamClosed.runInContext(ClientCallImpl.java:723)
	at com.alibaba.nacos.shaded.io.grpc.internal.ContextRunnable.run(ContextRunnable.java:37)
	at com.alibaba.nacos.shaded.io.grpc.internal.SerializingExecutor.run(SerializingExecutor.java:133)
	... 3 common frames omitted
Caused by: com.alibaba.nacos.shaded.io.grpc.netty.shaded.io.netty.channel.AbstractChannel$AnnotatedConnectException: Connection refused: getsockopt: /127.0.0.1:9848
Caused by: java.net.ConnectException: Connection refused: getsockopt
	at java.base/sun.nio.ch.Net.pollConnect(Native Method)
	at java.base/sun.nio.ch.Net.pollConnectNow(Net.java:672)
	at java.base/sun.nio.ch.SocketChannelImpl.finishConnect(SocketChannelImpl.java:946)
	at com.alibaba.nacos.shaded.io.grpc.netty.shaded.io.netty.channel.socket.nio.NioSocketChannel.doFinishConnect(NioSocketChannel.java:337)
	at com.alibaba.nacos.shaded.io.grpc.netty.shaded.io.netty.channel.nio.AbstractNioChannel$AbstractNioUnsafe.finishConnect(AbstractNioChannel.java:334)
	at com.alibaba.nacos.shaded.io.grpc.netty.shaded.io.netty.channel.nio.NioEventLoop.processSelectedKey(NioEventLoop.java:710)
	at com.alibaba.nacos.shaded.io.grpc.netty.shaded.io.netty.channel.nio.NioEventLoop.processSelectedKeysOptimized(NioEventLoop.java:658)
	at com.alibaba.nacos.shaded.io.grpc.netty.shaded.io.netty.channel.nio.NioEventLoop.processSelectedKeys(NioEventLoop.java:584)
	at com.alibaba.nacos.shaded.io.grpc.netty.shaded.io.netty.channel.nio.NioEventLoop.run(NioEventLoop.java:496)
	at com.alibaba.nacos.shaded.io.grpc.netty.shaded.io.netty.util.concurrent.SingleThreadEventExecutor$4.run(SingleThreadEventExecutor.java:997)
	at com.alibaba.nacos.shaded.io.grpc.netty.shaded.io.netty.util.internal.ThreadExecutorMap$2.run(ThreadExecutorMap.java:74)
	at com.alibaba.nacos.shaded.io.grpc.netty.shaded.io.netty.util.concurrent.FastThreadLocalRunnable.run(FastThreadLocalRunnable.java:30)
	at java.base/java.lang.Thread.run(Thread.java:840)
2026-09-08 10:25:24.656 [com.alibaba.nacos.client.remote.worker] INFO  com.alibaba.nacos.common.remote.client - [7658b4c1-af4f-4dca-89fa-680959013360] Fail to connect server, after trying 2 times, last try server is {serverIp = '127.0.0.1', server main port = 8848}, error = unknown
2026-09-08 10:25:24.661 [main] ERROR c.a.cloud.nacos.registry.NacosServiceRegistry - nacos registry, xiaojiashu-user register failed...NacosRegistration{nacosDiscoveryProperties=NacosDiscoveryProperties{serverAddr='127.0.0.1:8848', username='', password='', endpoint='', namespace='xiaojiashu', watchDelay=30000, logName='', service='xiaojiashu-user', weight=1.0, clusterName='DEFAULT', group='DEFAULT_GROUP', namingLoadCacheAtStart='false', metadata={IPv6=null, preserved.register.source=SPRING_CLOUD}, registerEnabled=true, ip='192.168.52.11', networkInterface='', port=8082, secure=false, accessKey='', secretKey='', heartBeatInterval=null, heartBeatTimeout=null, ipDeleteTimeout=null, instanceEnabled=true, ephemeral=true, failureToleranceEnabled=false}, ipDeleteTimeout=null, failFast=true}},
com.alibaba.nacos.api.exception.NacosException: Client not connected, current status:STARTING
	at com.alibaba.nacos.common.remote.client.RpcClient.request(RpcClient.java:643)
	at com.alibaba.nacos.common.remote.client.RpcClient.request(RpcClient.java:623)
	at com.alibaba.nacos.client.naming.remote.gprc.NamingGrpcClientProxy.requestToServer(NamingGrpcClientProxy.java:357)
	at com.alibaba.nacos.client.naming.remote.gprc.NamingGrpcClientProxy.doRegisterService(NamingGrpcClientProxy.java:210)
	at com.alibaba.nacos.client.naming.remote.gprc.NamingGrpcClientProxy.registerService(NamingGrpcClientProxy.java:124)
	at com.alibaba.nacos.client.naming.remote.NamingClientProxyDelegate.registerService(NamingClientProxyDelegate.java:98)
	at com.alibaba.nacos.client.naming.NacosNamingService.registerInstance(NacosNamingService.java:143)
	at com.alibaba.cloud.nacos.registry.NacosServiceRegistry.register(NacosServiceRegistry.java:75)
	at org.springframework.cloud.client.serviceregistry.AbstractAutoServiceRegistration.register(AbstractAutoServiceRegistration.java:264)
	at com.alibaba.cloud.nacos.registry.NacosAutoServiceRegistration.register(NacosAutoServiceRegistration.java:78)
	at org.springframework.cloud.client.serviceregistry.AbstractAutoServiceRegistration.start(AbstractAutoServiceRegistration.java:156)
	at org.springframework.cloud.client.serviceregistry.AbstractAutoServiceRegistration.onApplicationEvent(AbstractAutoServiceRegistration.java:119)
	at org.springframework.cloud.client.serviceregistry.AbstractAutoServiceRegistration.onApplicationEvent(AbstractAutoServiceRegistration.java:49)
	at org.springframework.context.event.SimpleApplicationEventMulticaster.doInvokeListener(SimpleApplicationEventMulticaster.java:176)
	at org.springframework.context.event.SimpleApplicationEventMulticaster.invokeListener(SimpleApplicationEventMulticaster.java:169)
	at org.springframework.context.event.SimpleApplicationEventMulticaster.multicastEvent(SimpleApplicationEventMulticaster.java:143)
	at org.springframework.context.support.AbstractApplicationContext.publishEvent(AbstractApplicationContext.java:413)
	at org.springframework.context.support.AbstractApplicationContext.publishEvent(AbstractApplicationContext.java:370)
	at org.springframework.boot.web.servlet.context.WebServerStartStopLifecycle.start(WebServerStartStopLifecycle.java:47)
	at org.springframework.context.support.DefaultLifecycleProcessor.doStart(DefaultLifecycleProcessor.java:178)
	at org.springframework.context.support.DefaultLifecycleProcessor$LifecycleGroup.start(DefaultLifecycleProcessor.java:356)
	at java.base/java.lang.Iterable.forEach(Iterable.java:75)
	at org.springframework.context.support.DefaultLifecycleProcessor.startBeans(DefaultLifecycleProcessor.java:155)
	at org.springframework.context.support.DefaultLifecycleProcessor.onRefresh(DefaultLifecycleProcessor.java:123)
	at org.springframework.context.support.AbstractApplicationContext.finishRefresh(AbstractApplicationContext.java:932)
	at org.springframework.context.support.AbstractApplicationContext.refresh(AbstractApplicationContext.java:587)
	at org.springframework.boot.web.servlet.context.ServletWebServerApplicationContext.refresh(ServletWebServerApplicationContext.java:146)
	at org.springframework.boot.SpringApplication.refresh(SpringApplication.java:730)
	at org.springframework.boot.SpringApplication.refreshContext(SpringApplication.java:432)
	at org.springframework.boot.SpringApplication.run(SpringApplication.java:308)
	at org.springframework.boot.SpringApplication.run(SpringApplication.java:1302)
	at org.springframework.boot.SpringApplication.run(SpringApplication.java:1291)
	at com.jiahuiling.xiaojiashu.user.biz.XiaojiashuUserBizApplication.main(XiaojiashuBizApplication.java:11)
2026-09-08 10:25:24.661 [main] WARN  o.s.b.w.s.c.AnnotationConfigServletWebServerApplicationContext - Exception encountered during context initialization - cancelling refresh attempt: org.springframework.context.ApplicationContextException: Failed to start bean 'webServerStartStop'
2026-09-08 10:25:24.662 [main] INFO  com.alibaba.nacos.client.naming - com.alibaba.nacos.client.naming.cache.ServiceInfoHolder do shutdown begin
2026-09-08 10:25:24.663 [main] INFO  com.alibaba.nacos.client.naming - com.alibaba.nacos.client.naming.backups.FailoverReactor do shutdown begin
2026-09-08 10:25:24.966 [com.alibaba.nacos.client.remote.worker] INFO  c.a.nacos.common.remote.client.grpc.GrpcClient - grpc client connection server:127.0.0.1 ip,serverPort:9848,grpcTslConfig:{"sslProvider":"OPENSSL","enableTls":false,"mutualAuthEnable":false,"trustAll":false}
2026-09-08 10:25:24.973 [com.alibaba.nacos.client.remote.worker] ERROR c.a.nacos.common.remote.client.grpc.GrpcClient - Server check fail, please check server 127.0.0.1 ,port 9848 is available , error ={}
java.util.concurrent.ExecutionException: com.alibaba.nacos.shaded.io.grpc.StatusRuntimeException: UNAVAILABLE: io exception
	at com.alibaba.nacos.shaded.com.google.common.util.concurrent.AbstractFuture.getDoneValue(AbstractFuture.java:566)
	at com.alibaba.nacos.shaded.com.google.common.util.concurrent.AbstractFuture.get(AbstractFuture.java:445)
	at com.alibaba.nacos.common.remote.client.grpc.GrpcClient.serverCheck(GrpcClient.java:218)
	at com.alibaba.nacos.common.remote.client.grpc.GrpcClient.connectToServer(GrpcClient.java:329)
	at com.alibaba.nacos.common.remote.client.RpcClient.reconnect(RpcClient.java:502)
	at com.alibaba.nacos.common.remote.client.RpcClient.lambda$start$2(RpcClient.java:343)
	at java.base/java.util.concurrent.Executors$RunnableAdapter.call(Executors.java:539)
	at java.base/java.util.concurrent.FutureTask.run(FutureTask.java:264)
	at java.base/java.util.concurrent.ScheduledThreadPoolExecutor$ScheduledFutureTask.run(ScheduledThreadPoolExecutor.java:304)
	at java.base/java.util.concurrent.ThreadPoolExecutor.runWorker(ThreadPoolExecutor.java:1136)
	at java.base/java.util.concurrent.ThreadPoolExecutor$Worker.run(ThreadPoolExecutor.java:635)
	at java.base/java.lang.Thread.run(Thread.java:840)
Caused by: com.alibaba.nacos.shaded.io.grpc.StatusRuntimeException: UNAVAILABLE: io exception
	at com.alibaba.nacos.shaded.io.grpc.Status.asRuntimeException(Status.java:539)
	at com.alibaba.nacos.shaded.io.grpc.stub.ClientCalls$UnaryStreamToFuture.onClose(ClientCalls.java:544)
	at com.alibaba.nacos.shaded.io.grpc.internal.DelayedClientCall$DelayedListener$3.run(DelayedClientCall.java:471)
	at com.alibaba.nacos.shaded.io.grpc.internal.DelayedClientCall$DelayedListener.delayOrExecute(DelayedClientCall.java:435)
	at com.alibaba.nacos.shaded.io.grpc.internal.DelayedClientCall$DelayedListener.onClose(DelayedClientCall.java:468)
	at com.alibaba.nacos.shaded.io.grpc.internal.ClientCallImpl.closeObserver(ClientCallImpl.java:563)
	at com.alibaba.nacos.shaded.io.grpc.internal.ClientCallImpl.access$300(ClientCallImpl.java:70)
	at com.alibaba.nacos.shaded.io.grpc.internal.ClientCallImpl$ClientStreamListenerImpl$1StreamClosed.runInternal(ClientCallImpl.java:744)
	at com.alibaba.nacos.shaded.io.grpc.internal.ClientCallImpl$ClientStreamListenerImpl$1StreamClosed.runInContext(ClientCallImpl.java:723)
	at com.alibaba.nacos.shaded.io.grpc.internal.ContextRunnable.run(ContextRunnable.java:37)
	at com.alibaba.nacos.shaded.io.grpc.internal.SerializingExecutor.run(SerializingExecutor.java:133)
	... 3 common frames omitted
Caused by: com.alibaba.nacos.shaded.io.grpc.netty.shaded.io.netty.channel.AbstractChannel$AnnotatedConnectException: Connection refused: getsockopt: /127.0.0.1:9848
Caused by: java.net.ConnectException: Connection refused: getsockopt
	at java.base/sun.nio.ch.Net.pollConnect(Native Method)
	at java.base/sun.nio.ch.Net.pollConnectNow(Net.java:672)
	at java.base/sun.nio.ch.SocketChannelImpl.finishConnect(SocketChannelImpl.java:946)
	at com.alibaba.nacos.shaded.io.grpc.netty.shaded.io.netty.channel.socket.nio.NioSocketChannel.doFinishConnect(NioSocketChannel.java:337)
	at com.alibaba.nacos.shaded.io.grpc.netty.shaded.io.netty.channel.nio.AbstractNioChannel$AbstractNioUnsafe.finishConnect(AbstractNioChannel.java:334)
	at com.alibaba.nacos.shaded.io.grpc.netty.shaded.io.netty.channel.nio.NioEventLoop.processSelectedKey(NioEventLoop.java:710)
	at com.alibaba.nacos.shaded.io.grpc.netty.shaded.io.netty.channel.nio.NioEventLoop.processSelectedKeysOptimized(NioEventLoop.java:658)
	at com.alibaba.nacos.shaded.io.grpc.netty.shaded.io.netty.channel.nio.NioEventLoop.processSelectedKeys(NioEventLoop.java:584)
	at com.alibaba.nacos.shaded.io.grpc.netty.shaded.io.netty.channel.nio.NioEventLoop.run(NioEventLoop.java:496)
	at com.alibaba.nacos.shaded.io.grpc.netty.shaded.io.netty.util.concurrent.SingleThreadEventExecutor$4.run(SingleThreadEventExecutor.java:997)
	at com.alibaba.nacos.shaded.io.grpc.netty.shaded.io.netty.util.internal.ThreadExecutorMap$2.run(ThreadExecutorMap.java:74)
	at com.alibaba.nacos.shaded.io.grpc.netty.shaded.io.netty.util.concurrent.FastThreadLocalRunnable.run(FastThreadLocalRunnable.java:30)
	at java.base/java.lang.Thread.run(Thread.java:840)
2026-09-08 10:25:24.973 [com.alibaba.nacos.client.remote.worker] INFO  com.alibaba.nacos.common.remote.client - [7658b4c1-af4f-4dca-89fa-680959013360] Fail to connect server, after trying 3 times, last try server is {serverIp = '127.0.0.1', server main port = 8848}, error = unknown
2026-09-08 10:25:24.998 [main] INFO  com.alibaba.nacos.client.naming - com.alibaba.nacos.client.naming.backups.FailoverReactor do shutdown stop
2026-09-08 10:25:24.998 [main] INFO  com.alibaba.nacos.client.naming - com.alibaba.nacos.client.naming.cache.ServiceInfoHolder do shutdown stop
2026-09-08 10:25:24.998 [main] INFO  com.alibaba.nacos.client.naming - com.alibaba.nacos.client.naming.remote.NamingClientProxyDelegate do shutdown begin
2026-09-08 10:25:24.998 [main] INFO  com.alibaba.nacos.client.naming - com.alibaba.nacos.client.naming.core.ServiceInfoUpdateService do shutdown begin
2026-09-08 10:25:24.998 [main] INFO  com.alibaba.nacos.client.naming - com.alibaba.nacos.client.naming.core.ServiceInfoUpdateService do shutdown stop
2026-09-08 10:25:24.998 [main] INFO  com.alibaba.nacos.client.naming - com.alibaba.nacos.client.naming.core.ServerListManager do shutdown begin
2026-09-08 10:25:24.998 [main] WARN  com.alibaba.nacos.client.naming - [NamingHttpClientManager] Start destroying NacosRestTemplate
2026-09-08 10:25:24.998 [main] WARN  com.alibaba.nacos.client.naming - [NamingHttpClientManager] Destruction of the end
2026-09-08 10:25:24.998 [main] INFO  com.alibaba.nacos.client.naming - com.alibaba.nacos.client.naming.core.ServerListManager do shutdown stop
2026-09-08 10:25:24.998 [main] INFO  com.alibaba.nacos.client.naming - com.alibaba.nacos.client.naming.remote.http.NamingHttpClientProxy do shutdown begin
2026-09-08 10:25:24.998 [main] WARN  com.alibaba.nacos.client.naming - [NamingHttpClientManager] Start destroying NacosRestTemplate
2026-09-08 10:25:24.998 [main] WARN  com.alibaba.nacos.client.naming - [NamingHttpClientManager] Destruction of the end
2026-09-08 10:25:24.999 [main] INFO  com.alibaba.nacos.client.naming - com.alibaba.nacos.client.naming.remote.http.NamingHttpClientProxy do shutdown stop
2026-09-08 10:25:24.999 [main] INFO  com.alibaba.nacos.common.remote.client - Shutdown rpc client, set status to shutdown
2026-09-08 10:25:24.999 [main] INFO  com.alibaba.nacos.common.remote.client - Shutdown client event executor java.util.concurrent.ScheduledThreadPoolExecutor@66020d69[Running, pool size = 2, active threads = 2, queued tasks = 0, completed tasks = 0]
2026-09-08 10:25:24.999 [main] INFO  c.a.nacos.common.remote.client.grpc.GrpcClient - Shutdown grpc executor java.util.concurrent.ThreadPoolExecutor@3751acd7[Running, pool size = 28, active threads = 0, queued tasks = 0, completed tasks = 28]
2026-09-08 10:25:24.999 [com.alibaba.nacos.client.remote.worker] INFO  com.alibaba.nacos.common.remote.client - [7658b4c1-af4f-4dca-89fa-680959013360] Client is shutdown, stop reconnect to server
2026-09-08 10:25:25.000 [main] INFO  com.alibaba.nacos.client.naming - Shutdown grpc redo service executor java.util.concurrent.ScheduledThreadPoolExecutor@6b832551[Running, pool size = 1, active threads = 0, queued tasks = 1, completed tasks = 0]
2026-09-08 10:25:25.001 [main] INFO  c.a.n.client.auth.ram.identify.CredentialWatcher - [null] CredentialWatcher is stopped
2026-09-08 10:25:25.001 [main] INFO  c.a.n.client.auth.ram.identify.CredentialService - [null] CredentialService is freed
2026-09-08 10:25:25.001 [main] INFO  com.alibaba.nacos.client.naming - com.alibaba.nacos.client.naming.remote.NamingClientProxyDelegate do shutdown stop
2026-09-08 10:25:25.026 [main] INFO  org.apache.catalina.core.StandardService - Stopping service [Tomcat]
2026-09-08 10:25:25.038 [main] INFO  o.s.b.a.logging.ConditionEvaluationReportLogger - 

Error starting ApplicationContext. To display the condition evaluation report re-run your application with 'debug' enabled.
2026-09-08 10:25:25.055 [main] ERROR org.springframework.boot.SpringApplication - Application run failed
org.springframework.context.ApplicationContextException: Failed to start bean 'webServerStartStop'
	at org.springframework.context.support.DefaultLifecycleProcessor.doStart(DefaultLifecycleProcessor.java:181)
	at org.springframework.context.support.DefaultLifecycleProcessor$LifecycleGroup.start(DefaultLifecycleProcessor.java:356)
	at java.base/java.lang.Iterable.forEach(Iterable.java:75)
	at org.springframework.context.support.DefaultLifecycleProcessor.startBeans(DefaultLifecycleProcessor.java:155)
	at org.springframework.context.support.DefaultLifecycleProcessor.onRefresh(DefaultLifecycleProcessor.java:123)
	at org.springframework.context.support.AbstractApplicationContext.finishRefresh(AbstractApplicationContext.java:932)
	at org.springframework.context.support.AbstractApplicationContext.refresh(AbstractApplicationContext.java:587)
	at org.springframework.boot.web.servlet.context.ServletWebServerApplicationContext.refresh(ServletWebServerApplicationContext.java:146)
	at org.springframework.boot.SpringApplication.refresh(SpringApplication.java:730)
	at org.springframework.boot.SpringApplication.refreshContext(SpringApplication.java:432)
	at org.springframework.boot.SpringApplication.run(SpringApplication.java:308)
	at org.springframework.boot.SpringApplication.run(SpringApplication.java:1302)
	at org.springframework.boot.SpringApplication.run(SpringApplication.java:1291)
	at com.jiahuiling.xiaojiashu.user.biz.XiaojiashuUserBizApplication.main(XiaojiashuBizApplication.java:11)
Caused by: java.lang.reflect.UndeclaredThrowableException: null
	at org.springframework.util.ReflectionUtils.rethrowRuntimeException(ReflectionUtils.java:147)
	at com.alibaba.cloud.nacos.registry.NacosServiceRegistry.register(NacosServiceRegistry.java:83)
	at org.springframework.cloud.client.serviceregistry.AbstractAutoServiceRegistration.register(AbstractAutoServiceRegistration.java:264)
	at com.alibaba.cloud.nacos.registry.NacosAutoServiceRegistration.register(NacosAutoServiceRegistration.java:78)
	at org.springframework.cloud.client.serviceregistry.AbstractAutoServiceRegistration.start(AbstractAutoServiceRegistration.java:156)
	at org.springframework.cloud.client.serviceregistry.AbstractAutoServiceRegistration.onApplicationEvent(AbstractAutoServiceRegistration.java:119)
	at org.springframework.cloud.client.serviceregistry.AbstractAutoServiceRegistration.onApplicationEvent(AbstractAutoServiceRegistration.java:49)
	at org.springframework.context.event.SimpleApplicationEventMulticaster.doInvokeListener(SimpleApplicationEventMulticaster.java:176)
	at org.springframework.context.event.SimpleApplicationEventMulticaster.invokeListener(SimpleApplicationEventMulticaster.java:169)
	at org.springframework.context.event.SimpleApplicationEventMulticaster.multicastEvent(SimpleApplicationEventMulticaster.java:143)
	at org.springframework.context.support.AbstractApplicationContext.publishEvent(AbstractApplicationContext.java:413)
	at org.springframework.context.support.AbstractApplicationContext.publishEvent(AbstractApplicationContext.java:370)
	at org.springframework.boot.web.servlet.context.WebServerStartStopLifecycle.start(WebServerStartStopLifecycle.java:47)
	at org.springframework.context.support.DefaultLifecycleProcessor.doStart(DefaultLifecycleProcessor.java:178)
	... 13 common frames omitted
Caused by: com.alibaba.nacos.api.exception.NacosException: Client not connected, current status:STARTING
	at com.alibaba.nacos.common.remote.client.RpcClient.request(RpcClient.java:643)
	at com.alibaba.nacos.common.remote.client.RpcClient.request(RpcClient.java:623)
	at com.alibaba.nacos.client.naming.remote.gprc.NamingGrpcClientProxy.requestToServer(NamingGrpcClientProxy.java:357)
	at com.alibaba.nacos.client.naming.remote.gprc.NamingGrpcClientProxy.doRegisterService(NamingGrpcClientProxy.java:210)
	at com.alibaba.nacos.client.naming.remote.gprc.NamingGrpcClientProxy.registerService(NamingGrpcClientProxy.java:124)
	at com.alibaba.nacos.client.naming.remote.NamingClientProxyDelegate.registerService(NamingClientProxyDelegate.java:98)
	at com.alibaba.nacos.client.naming.NacosNamingService.registerInstance(NacosNamingService.java:143)
	at com.alibaba.cloud.nacos.registry.NacosServiceRegistry.register(NacosServiceRegistry.java:75)
	... 25 common frames omitted
2026-09-08 10:25:25.056 [Thread-7] WARN  com.alibaba.nacos.common.notify.NotifyCenter - [NotifyCenter] Start destroying Publisher
2026-09-08 10:25:25.056 [Thread-10] WARN  c.alibaba.nacos.common.http.HttpClientBeanHolder - [HttpClientBeanHolder] Start destroying common HttpClient
2026-09-08 10:25:25.056 [Thread-7] WARN  com.alibaba.nacos.common.notify.NotifyCenter - [NotifyCenter] Destruction of the end
2026-09-08 10:43:15.565 [main] WARN  com.alibaba.nacos.client.logging.NacosLogging - Load Logback Configuration of Nacos fail, message: Could not initialize Logback Nacos logging from classpath:nacos-logback.xml
2026-09-08 10:43:15.745 [main] WARN  com.alibaba.nacos.client.logging.NacosLogging - Load Logback Configuration of Nacos fail, message: Could not initialize Logback Nacos logging from classpath:nacos-logback.xml
2026-09-08 10:43:18.060 [main] WARN  com.alibaba.nacos.client.logging.NacosLogging - Load Logback Configuration of Nacos fail, message: Could not initialize Logback Nacos logging from classpath:nacos-logback.xml
2026-09-08 10:43:18.097 [main] WARN  com.alibaba.nacos.client.logging.NacosLogging - Load Logback Configuration of Nacos fail, message: Could not initialize Logback Nacos logging from classpath:nacos-logback.xml
2026-09-08 10:43:18.099 [main] INFO  c.j.xiaojiashu.user.biz.XiaojiashuBizApplication - The following 1 profile is active: "dev"
2026-09-08 10:43:19.571 [main] INFO  o.springframework.cloud.context.scope.GenericScope - BeanFactory id=b744a3d3-ee75-3cc7-9847-272d6cd7588a
2026-09-08 10:43:20.261 [main] INFO  o.s.boot.web.embedded.tomcat.TomcatWebServer - Tomcat initialized with port(s): 8082 (http)
2026-09-08 10:43:20.282 [main] INFO  org.apache.catalina.core.StandardService - Starting service [Tomcat]
2026-09-08 10:43:20.282 [main] INFO  org.apache.catalina.core.StandardEngine - Starting Servlet engine: [Apache Tomcat/10.1.5]
2026-09-08 10:43:20.569 [main] INFO  o.a.c.core.ContainerBase.[Tomcat].[localhost].[/] - Initializing Spring embedded WebApplicationContext
2026-09-08 10:43:20.570 [main] INFO  o.s.b.w.s.c.ServletWebServerApplicationContext - Root WebApplicationContext: initialization completed in 2428 ms
2026-09-08 10:43:23.087 [main] INFO  c.a.d.s.b.a.DruidDataSourceAutoConfigure - Init DruidDataSource
2026-09-08 10:43:23.209 [main] ERROR com.alibaba.druid.pool.DruidDataSource - {dataSource-1} init error
java.lang.IllegalArgumentException: Failed to decrypt.
	at com.alibaba.druid.filter.config.ConfigFilter.decrypt(ConfigFilter.java:203)
	at com.alibaba.druid.filter.config.ConfigFilter.init(ConfigFilter.java:122)
	at com.alibaba.druid.pool.DruidDataSource.init(DruidDataSource.java:835)
	at com.alibaba.druid.spring.boot3.autoconfigure.DruidDataSourceWrapper.afterPropertiesSet(DruidDataSourceWrapper.java:51)
	at org.springframework.beans.factory.support.AbstractAutowireCapableBeanFactory.invokeInitMethods(AbstractAutowireCapableBeanFactory.java:1797)
	at org.springframework.beans.factory.support.AbstractAutowireCapableBeanFactory.initializeBean(AbstractAutowireCapableBeanFactory.java:1747)
	at org.springframework.beans.factory.support.AbstractAutowireCapableBeanFactory.doCreateBean(AbstractAutowireCapableBeanFactory.java:599)
	at org.springframework.beans.factory.support.AbstractAutowireCapableBeanFactory.createBean(AbstractAutowireCapableBeanFactory.java:521)
	at org.springframework.beans.factory.support.AbstractBeanFactory.lambda$doGetBean$0(AbstractBeanFactory.java:326)
	at org.springframework.beans.factory.support.DefaultSingletonBeanRegistry.getSingleton(DefaultSingletonBeanRegistry.java:234)
	at org.springframework.beans.factory.support.AbstractBeanFactory.doGetBean(AbstractBeanFactory.java:324)
	at org.springframework.beans.factory.support.AbstractBeanFactory.getBean(AbstractBeanFactory.java:200)
	at org.springframework.beans.factory.support.DefaultListableBeanFactory.preInstantiateSingletons(DefaultListableBeanFactory.java:961)
	at org.springframework.context.support.AbstractApplicationContext.finishBeanFactoryInitialization(AbstractApplicationContext.java:915)
	at org.springframework.context.support.AbstractApplicationContext.refresh(AbstractApplicationContext.java:584)
	at org.springframework.boot.web.servlet.context.ServletWebServerApplicationContext.refresh(ServletWebServerApplicationContext.java:146)
	at org.springframework.boot.SpringApplication.refresh(SpringApplication.java:730)
	at org.springframework.boot.SpringApplication.refreshContext(SpringApplication.java:432)
	at org.springframework.boot.SpringApplication.run(SpringApplication.java:308)
	at org.springframework.boot.SpringApplication.run(SpringApplication.java:1302)
	at org.springframework.boot.SpringApplication.run(SpringApplication.java:1291)
	at com.jiahuiling.xiaojiashu.user.biz.XiaojiashuUserBizApplication.main(XiaojiashuBizApplication.java:13)
Caused by: java.lang.IllegalArgumentException: String length must be a multiple of four.
	at com.alibaba.druid.util.Base64.base64ToByteArray(Base64.java:121)
	at com.alibaba.druid.util.Base64.base64ToByteArray(Base64.java:106)
	at com.alibaba.druid.filter.config.ConfigTools.decrypt(ConfigTools.java:143)
	at com.alibaba.druid.filter.config.ConfigFilter.decrypt(ConfigFilter.java:195)
	... 21 common frames omitted
2026-09-08 10:43:23.212 [main] WARN  o.s.b.w.s.c.AnnotationConfigServletWebServerApplicationContext - Exception encountered during context initialization - cancelling refresh attempt: org.springframework.beans.factory.BeanCreationException: Error creating bean with name 'dataSource' defined in class path resource [com/alibaba/druid/spring/boot3/autoconfigure/DruidDataSourceAutoConfigure.class]: Failed to decrypt.
2026-09-08 10:43:23.215 [main] INFO  org.apache.catalina.core.StandardService - Stopping service [Tomcat]
2026-09-08 10:43:23.255 [main] INFO  o.s.b.a.logging.ConditionEvaluationReportLogger - 

Error starting ApplicationContext. To display the condition evaluation report re-run your application with 'debug' enabled.
2026-09-08 10:43:23.284 [main] ERROR org.springframework.boot.SpringApplication - Application run failed
org.springframework.beans.factory.BeanCreationException: Error creating bean with name 'dataSource' defined in class path resource [com/alibaba/druid/spring/boot3/autoconfigure/DruidDataSourceAutoConfigure.class]: Failed to decrypt.
	at org.springframework.beans.factory.support.AbstractAutowireCapableBeanFactory.initializeBean(AbstractAutowireCapableBeanFactory.java:1751)
	at org.springframework.beans.factory.support.AbstractAutowireCapableBeanFactory.doCreateBean(AbstractAutowireCapableBeanFactory.java:599)
	at org.springframework.beans.factory.support.AbstractAutowireCapableBeanFactory.createBean(AbstractAutowireCapableBeanFactory.java:521)
	at org.springframework.beans.factory.support.AbstractBeanFactory.lambda$doGetBean$0(AbstractBeanFactory.java:326)
	at org.springframework.beans.factory.support.DefaultSingletonBeanRegistry.getSingleton(DefaultSingletonBeanRegistry.java:234)
	at org.springframework.beans.factory.support.AbstractBeanFactory.doGetBean(AbstractBeanFactory.java:324)
	at org.springframework.beans.factory.support.AbstractBeanFactory.getBean(AbstractBeanFactory.java:200)
	at org.springframework.beans.factory.support.DefaultListableBeanFactory.preInstantiateSingletons(DefaultListableBeanFactory.java:961)
	at org.springframework.context.support.AbstractApplicationContext.finishBeanFactoryInitialization(AbstractApplicationContext.java:915)
	at org.springframework.context.support.AbstractApplicationContext.refresh(AbstractApplicationContext.java:584)
	at org.springframework.boot.web.servlet.context.ServletWebServerApplicationContext.refresh(ServletWebServerApplicationContext.java:146)
	at org.springframework.boot.SpringApplication.refresh(SpringApplication.java:730)
	at org.springframework.boot.SpringApplication.refreshContext(SpringApplication.java:432)
	at org.springframework.boot.SpringApplication.run(SpringApplication.java:308)
	at org.springframework.boot.SpringApplication.run(SpringApplication.java:1302)
	at org.springframework.boot.SpringApplication.run(SpringApplication.java:1291)
	at com.jiahuiling.xiaojiashu.user.biz.XiaojiashuUserBizApplication.main(XiaojiashuBizApplication.java:13)
Caused by: java.lang.IllegalArgumentException: Failed to decrypt.
	at com.alibaba.druid.filter.config.ConfigFilter.decrypt(ConfigFilter.java:203)
	at com.alibaba.druid.filter.config.ConfigFilter.init(ConfigFilter.java:122)
	at com.alibaba.druid.pool.DruidDataSource.init(DruidDataSource.java:835)
	at com.alibaba.druid.spring.boot3.autoconfigure.DruidDataSourceWrapper.afterPropertiesSet(DruidDataSourceWrapper.java:51)
	at org.springframework.beans.factory.support.AbstractAutowireCapableBeanFactory.invokeInitMethods(AbstractAutowireCapableBeanFactory.java:1797)
	at org.springframework.beans.factory.support.AbstractAutowireCapableBeanFactory.initializeBean(AbstractAutowireCapableBeanFactory.java:1747)
	... 16 common frames omitted
Caused by: java.lang.IllegalArgumentException: String length must be a multiple of four.
	at com.alibaba.druid.util.Base64.base64ToByteArray(Base64.java:121)
	at com.alibaba.druid.util.Base64.base64ToByteArray(Base64.java:106)
	at com.alibaba.druid.filter.config.ConfigTools.decrypt(ConfigTools.java:143)
	at com.alibaba.druid.filter.config.ConfigFilter.decrypt(ConfigFilter.java:195)
	... 21 common frames omitted
2026-09-08 10:47:58.919 [main] WARN  com.alibaba.nacos.client.logging.NacosLogging - Load Logback Configuration of Nacos fail, message: Could not initialize Logback Nacos logging from classpath:nacos-logback.xml
2026-09-08 10:47:59.002 [main] WARN  com.alibaba.nacos.client.logging.NacosLogging - Load Logback Configuration of Nacos fail, message: Could not initialize Logback Nacos logging from classpath:nacos-logback.xml
2026-09-08 10:47:59.729 [main] WARN  com.alibaba.nacos.client.logging.NacosLogging - Load Logback Configuration of Nacos fail, message: Could not initialize Logback Nacos logging from classpath:nacos-logback.xml
2026-09-08 10:47:59.741 [main] WARN  com.alibaba.nacos.client.logging.NacosLogging - Load Logback Configuration of Nacos fail, message: Could not initialize Logback Nacos logging from classpath:nacos-logback.xml
2026-09-08 10:47:59.742 [main] INFO  c.j.xiaojiashu.user.biz.XiaojiashuBizApplication - The following 1 profile is active: "dev"
2026-09-08 10:48:00.294 [main] INFO  o.springframework.cloud.context.scope.GenericScope - BeanFactory id=b744a3d3-ee75-3cc7-9847-272d6cd7588a
2026-09-08 10:48:00.556 [main] INFO  o.s.boot.web.embedded.tomcat.TomcatWebServer - Tomcat initialized with port(s): 8082 (http)
2026-09-08 10:48:00.567 [main] INFO  org.apache.catalina.core.StandardService - Starting service [Tomcat]
2026-09-08 10:48:00.568 [main] INFO  org.apache.catalina.core.StandardEngine - Starting Servlet engine: [Apache Tomcat/10.1.5]
2026-09-08 10:48:00.669 [main] INFO  o.a.c.core.ContainerBase.[Tomcat].[localhost].[/] - Initializing Spring embedded WebApplicationContext
2026-09-08 10:48:00.670 [main] INFO  o.s.b.w.s.c.ServletWebServerApplicationContext - Root WebApplicationContext: initialization completed in 912 ms
2026-09-08 10:48:01.630 [main] INFO  c.a.d.s.b.a.DruidDataSourceAutoConfigure - Init DruidDataSource
2026-09-08 10:48:01.873 [main] INFO  com.alibaba.druid.pool.DruidDataSource - {dataSource-1} inited
2026-09-08 10:48:02.506 [main] INFO  o.s.boot.web.embedded.tomcat.TomcatWebServer - Tomcat started on port(s): 8082 (http) with context path ''
2026-09-08 10:48:02.513 [main] WARN  com.alibaba.nacos.client.logging.NacosLogging - Load Logback Configuration of Nacos fail, message: Could not initialize Logback Nacos logging from classpath:nacos-logback.xml
2026-09-08 10:48:02.513 [main] INFO  com.alibaba.nacos.client.naming - initializer namespace from ans.namespace attribute : null
2026-09-08 10:48:02.513 [main] INFO  com.alibaba.nacos.client.naming - initializer namespace from ALIBABA_ALIWARE_NAMESPACE attribute :null
2026-09-08 10:48:02.514 [main] INFO  com.alibaba.nacos.client.naming - initializer namespace from namespace attribute :null
2026-09-08 10:48:02.535 [main] INFO  com.alibaba.nacos.client.utils.ParamUtil - [settings] [req-serv] nacos-server port:8848
2026-09-08 10:48:02.535 [main] INFO  com.alibaba.nacos.client.utils.ParamUtil - [settings] [http-client] connect timeout:1000
2026-09-08 10:48:02.536 [main] INFO  com.alibaba.nacos.client.utils.ParamUtil - PER_TASK_CONFIG_SIZE: 3000.0
2026-09-08 10:48:02.540 [main] INFO  c.a.n.p.auth.spi.client.ClientAuthPluginManager - [ClientAuthPluginManager] Load ClientAuthService com.alibaba.nacos.client.auth.impl.NacosClientAuthServiceImpl success.
2026-09-08 10:48:02.540 [main] INFO  c.a.n.p.auth.spi.client.ClientAuthPluginManager - [ClientAuthPluginManager] Load ClientAuthService com.alibaba.nacos.client.auth.ram.RamClientAuthServiceImpl success.
2026-09-08 10:48:02.543 [main] INFO  c.a.n.client.auth.ram.identify.CredentialWatcher - null No credential found
2026-09-08 10:48:02.551 [main] INFO  com.alibaba.nacos.common.remote.client - [RpcClientFactory] create a new rpc client of 42f5675d-b31e-49b7-a607-18d0a8fee0cc
2026-09-08 10:48:02.569 [main] INFO  com.alibaba.nacos.common.remote.client - [42f5675d-b31e-49b7-a607-18d0a8fee0cc] RpcClient init, ServerListFactory = com.alibaba.nacos.client.naming.core.ServerListManager
2026-09-08 10:48:02.569 [main] INFO  com.alibaba.nacos.common.remote.client - [42f5675d-b31e-49b7-a607-18d0a8fee0cc] Registry connection listener to current client:com.alibaba.nacos.client.naming.remote.gprc.redo.NamingGrpcRedoService
2026-09-08 10:48:02.569 [main] INFO  com.alibaba.nacos.common.remote.client - [42f5675d-b31e-49b7-a607-18d0a8fee0cc] Register server push request handler:com.alibaba.nacos.client.naming.remote.gprc.NamingPushRequestHandler
2026-09-08 10:48:02.571 [main] INFO  com.alibaba.nacos.common.remote.client - [42f5675d-b31e-49b7-a607-18d0a8fee0cc] Try to connect to server on start up, server: {serverIp = '127.0.0.1', server main port = 8848}
2026-09-08 10:48:02.602 [main] INFO  c.a.nacos.common.remote.client.grpc.GrpcClient - grpc client connection server:127.0.0.1 ip,serverPort:9848,grpcTslConfig:{"sslProvider":"OPENSSL","enableTls":false,"mutualAuthEnable":false,"trustAll":false}
2026-09-08 10:48:03.877 [main] INFO  com.alibaba.nacos.common.remote.client - [42f5675d-b31e-49b7-a607-18d0a8fee0cc] Success to connect to server [127.0.0.1:8848] on start up, connectionId = 1788835683618_172.17.0.1_52700
2026-09-08 10:48:03.878 [com.alibaba.nacos.client.remote.worker] INFO  com.alibaba.nacos.common.remote.client - [42f5675d-b31e-49b7-a607-18d0a8fee0cc] Notify connected event to listeners.
2026-09-08 10:48:03.878 [com.alibaba.nacos.client.remote.worker] INFO  com.alibaba.nacos.client.naming - Grpc connection connect
2026-09-08 10:48:03.879 [main] INFO  com.alibaba.nacos.common.remote.client - [42f5675d-b31e-49b7-a607-18d0a8fee0cc] Register server push request handler:com.alibaba.nacos.common.remote.client.RpcClient$ConnectResetRequestHandler
2026-09-08 10:48:03.879 [main] INFO  com.alibaba.nacos.common.remote.client - [42f5675d-b31e-49b7-a607-18d0a8fee0cc] Register server push request handler:com.alibaba.nacos.common.remote.client.RpcClient$$Lambda$1039/0x000001ce2d74c810
2026-09-08 10:48:03.882 [main] INFO  com.alibaba.nacos.client.naming - [REGISTER-SERVICE] xiaojiashu registering service xiaojiashu-user with instance Instance{instanceId='null', ip='192.168.52.11', port=8082, weight=1.0, healthy=true, enabled=true, ephemeral=true, clusterName='DEFAULT', serviceName='null', metadata={IPv6=null, preserved.register.source=SPRING_CLOUD}}
2026-09-08 10:48:03.935 [main] INFO  c.a.cloud.nacos.registry.NacosServiceRegistry - nacos registry, DEFAULT_GROUP xiaojiashu-user 192.168.52.11:8082 register finished
2026-09-08 10:48:04.750 [main] INFO  c.j.xiaojiashu.user.biz.XiaojiashuBizApplication - Started XiaojiashuBizApplication in 7.001 seconds (process running for 7.86)
2026-09-08 11:28:03.316 [Thread-10] WARN  c.alibaba.nacos.common.http.HttpClientBeanHolder - [HttpClientBeanHolder] Start destroying common HttpClient
2026-09-08 11:28:03.316 [Thread-7] WARN  com.alibaba.nacos.common.notify.NotifyCenter - [NotifyCenter] Start destroying Publisher
2026-09-08 11:28:03.323 [Thread-7] WARN  com.alibaba.nacos.common.notify.NotifyCenter - [NotifyCenter] Destruction of the end
2026-09-08 11:28:03.326 [Thread-10] WARN  c.alibaba.nacos.common.http.HttpClientBeanHolder - [HttpClientBeanHolder] Destruction of the end
2026-09-08 11:28:03.437 [SpringApplicationShutdownHook] INFO  com.alibaba.druid.pool.DruidDataSource - {dataSource-1} closing ...
2026-09-08 11:28:03.438 [SpringApplicationShutdownHook] INFO  com.alibaba.druid.pool.DruidDataSource - {dataSource-1} closed
2026-09-08 11:28:03.439 [SpringApplicationShutdownHook] INFO  c.a.cloud.nacos.registry.NacosServiceRegistry - De-registering from Nacos Server now...
2026-09-08 11:28:03.439 [SpringApplicationShutdownHook] INFO  com.alibaba.nacos.client.naming - [DEREGISTER-SERVICE] xiaojiashu deregistering service xiaojiashu-user with instance: Instance{instanceId='null', ip='192.168.52.11', port=8082, weight=1.0, healthy=true, enabled=true, ephemeral=true, clusterName='DEFAULT', serviceName='null', metadata={}}
2026-09-08 11:28:03.449 [SpringApplicationShutdownHook] INFO  c.a.cloud.nacos.registry.NacosServiceRegistry - De-registration finished.
2026-09-08 11:28:03.449 [SpringApplicationShutdownHook] INFO  com.alibaba.nacos.client.naming - com.alibaba.nacos.client.naming.cache.ServiceInfoHolder do shutdown begin
2026-09-08 11:28:03.450 [SpringApplicationShutdownHook] INFO  com.alibaba.nacos.client.naming - com.alibaba.nacos.client.naming.backups.FailoverReactor do shutdown begin
2026-09-08 11:28:03.450 [SpringApplicationShutdownHook] INFO  com.alibaba.nacos.client.naming - com.alibaba.nacos.client.naming.backups.FailoverReactor do shutdown stop
2026-09-08 11:28:03.450 [SpringApplicationShutdownHook] INFO  com.alibaba.nacos.client.naming - com.alibaba.nacos.client.naming.cache.ServiceInfoHolder do shutdown stop
2026-09-08 11:28:03.450 [SpringApplicationShutdownHook] INFO  com.alibaba.nacos.client.naming - com.alibaba.nacos.client.naming.remote.NamingClientProxyDelegate do shutdown begin
2026-09-08 11:28:03.450 [SpringApplicationShutdownHook] INFO  com.alibaba.nacos.client.naming - com.alibaba.nacos.client.naming.core.ServiceInfoUpdateService do shutdown begin
2026-09-08 11:28:03.450 [SpringApplicationShutdownHook] INFO  com.alibaba.nacos.client.naming - com.alibaba.nacos.client.naming.core.ServiceInfoUpdateService do shutdown stop
2026-09-08 11:28:03.451 [SpringApplicationShutdownHook] INFO  com.alibaba.nacos.client.naming - com.alibaba.nacos.client.naming.core.ServerListManager do shutdown begin
2026-09-08 11:28:03.451 [SpringApplicationShutdownHook] WARN  com.alibaba.nacos.client.naming - [NamingHttpClientManager] Start destroying NacosRestTemplate
2026-09-08 11:28:03.451 [SpringApplicationShutdownHook] WARN  com.alibaba.nacos.client.naming - [NamingHttpClientManager] Destruction of the end
2026-09-08 11:28:03.451 [SpringApplicationShutdownHook] INFO  com.alibaba.nacos.client.naming - com.alibaba.nacos.client.naming.core.ServerListManager do shutdown stop
2026-09-08 11:28:03.451 [SpringApplicationShutdownHook] INFO  com.alibaba.nacos.client.naming - com.alibaba.nacos.client.naming.remote.http.NamingHttpClientProxy do shutdown begin
2026-09-08 11:28:03.451 [SpringApplicationShutdownHook] WARN  com.alibaba.nacos.client.naming - [NamingHttpClientManager] Start destroying NacosRestTemplate
2026-09-08 11:28:03.451 [SpringApplicationShutdownHook] WARN  com.alibaba.nacos.client.naming - [NamingHttpClientManager] Destruction of the end
2026-09-08 11:28:03.451 [SpringApplicationShutdownHook] INFO  com.alibaba.nacos.client.naming - com.alibaba.nacos.client.naming.remote.http.NamingHttpClientProxy do shutdown stop
2026-09-08 11:28:03.451 [SpringApplicationShutdownHook] INFO  com.alibaba.nacos.common.remote.client - Shutdown rpc client, set status to shutdown
2026-09-08 11:28:03.451 [SpringApplicationShutdownHook] INFO  com.alibaba.nacos.common.remote.client - Shutdown client event executor java.util.concurrent.ScheduledThreadPoolExecutor@3473a4d0[Running, pool size = 2, active threads = 2, queued tasks = 0, completed tasks = 0]
2026-09-08 11:28:03.451 [SpringApplicationShutdownHook] INFO  com.alibaba.nacos.common.remote.client - Close current connection 1788835683618_172.17.0.1_52700
2026-09-08 11:28:03.455 [nacos-grpc-client-executor-127.0.0.1-523] WARN  c.a.nacos.common.remote.client.grpc.GrpcClient - [1788835683618_172.17.0.1_52700]Ignore error event,isRunning:false,isAbandon=false
2026-09-08 11:28:03.457 [SpringApplicationShutdownHook] INFO  c.a.nacos.common.remote.client.grpc.GrpcClient - Shutdown grpc executor java.util.concurrent.ThreadPoolExecutor@561d577a[Running, pool size = 4, active threads = 0, queued tasks = 0, completed tasks = 524]
2026-09-08 11:28:03.458 [SpringApplicationShutdownHook] INFO  com.alibaba.nacos.client.naming - Shutdown grpc redo service executor java.util.concurrent.ScheduledThreadPoolExecutor@58c7dae3[Running, pool size = 1, active threads = 0, queued tasks = 1, completed tasks = 798]
2026-09-08 11:28:03.458 [SpringApplicationShutdownHook] INFO  c.a.n.client.auth.ram.identify.CredentialWatcher - [null] CredentialWatcher is stopped
2026-09-08 11:28:03.458 [SpringApplicationShutdownHook] INFO  c.a.n.client.auth.ram.identify.CredentialService - [null] CredentialService is freed
2026-09-08 11:28:03.458 [SpringApplicationShutdownHook] INFO  com.alibaba.nacos.client.naming - com.alibaba.nacos.client.naming.remote.NamingClientProxyDelegate do shutdown stop
2026-09-08 17:50:22.898 [main] WARN  com.alibaba.nacos.client.logging.NacosLogging - Load Logback Configuration of Nacos fail, message: Could not initialize Logback Nacos logging from classpath:nacos-logback.xml
2026-09-08 17:50:23.016 [main] WARN  com.alibaba.nacos.client.logging.NacosLogging - Load Logback Configuration of Nacos fail, message: Could not initialize Logback Nacos logging from classpath:nacos-logback.xml
2026-09-08 17:50:23.821 [main] WARN  com.alibaba.nacos.client.logging.NacosLogging - Load Logback Configuration of Nacos fail, message: Could not initialize Logback Nacos logging from classpath:nacos-logback.xml
2026-09-08 17:50:23.844 [main] WARN  com.alibaba.nacos.client.logging.NacosLogging - Load Logback Configuration of Nacos fail, message: Could not initialize Logback Nacos logging from classpath:nacos-logback.xml
2026-09-08 17:50:23.846 [main] INFO  c.j.xiaojiashu.user.biz.XiaojiashuBizApplication - The following 1 profile is active: "dev"
2026-09-08 17:50:24.636 [main] INFO  o.springframework.cloud.context.scope.GenericScope - BeanFactory id=0314bfe2-581a-3edf-8a05-2ea0a30a0941
2026-09-08 17:50:25.242 [main] INFO  o.s.boot.web.embedded.tomcat.TomcatWebServer - Tomcat initialized with port(s): 8082 (http)
2026-09-08 17:50:25.256 [main] INFO  org.apache.catalina.core.StandardService - Starting service [Tomcat]
2026-09-08 17:50:25.257 [main] INFO  org.apache.catalina.core.StandardEngine - Starting Servlet engine: [Apache Tomcat/10.1.5]
2026-09-08 17:50:25.386 [main] INFO  o.a.c.core.ContainerBase.[Tomcat].[localhost].[/] - Initializing Spring embedded WebApplicationContext
2026-09-08 17:50:25.387 [main] INFO  o.s.b.w.s.c.ServletWebServerApplicationContext - Root WebApplicationContext: initialization completed in 1521 ms
2026-09-08 17:50:25.525 [main] INFO  c.a.d.s.b.a.DruidDataSourceAutoConfigure - Init DruidDataSource
2026-09-08 17:50:25.849 [main] INFO  com.alibaba.druid.pool.DruidDataSource - {dataSource-1} inited
2026-09-08 17:50:27.603 [main] INFO  o.s.boot.web.embedded.tomcat.TomcatWebServer - Tomcat started on port(s): 8082 (http) with context path ''
2026-09-08 17:50:27.614 [main] WARN  com.alibaba.nacos.client.logging.NacosLogging - Load Logback Configuration of Nacos fail, message: Could not initialize Logback Nacos logging from classpath:nacos-logback.xml
2026-09-08 17:50:27.614 [main] INFO  com.alibaba.nacos.client.naming - initializer namespace from ans.namespace attribute : null
2026-09-08 17:50:27.615 [main] INFO  com.alibaba.nacos.client.naming - initializer namespace from ALIBABA_ALIWARE_NAMESPACE attribute :null
2026-09-08 17:50:27.615 [main] INFO  com.alibaba.nacos.client.naming - initializer namespace from namespace attribute :null
2026-09-08 17:50:27.649 [main] INFO  com.alibaba.nacos.client.utils.ParamUtil - [settings] [req-serv] nacos-server port:8848
2026-09-08 17:50:27.651 [main] INFO  com.alibaba.nacos.client.utils.ParamUtil - [settings] [http-client] connect timeout:1000
2026-09-08 17:50:27.652 [main] INFO  com.alibaba.nacos.client.utils.ParamUtil - PER_TASK_CONFIG_SIZE: 3000.0
2026-09-08 17:50:27.658 [main] INFO  c.a.n.p.auth.spi.client.ClientAuthPluginManager - [ClientAuthPluginManager] Load ClientAuthService com.alibaba.nacos.client.auth.impl.NacosClientAuthServiceImpl success.
2026-09-08 17:50:27.658 [main] INFO  c.a.n.p.auth.spi.client.ClientAuthPluginManager - [ClientAuthPluginManager] Load ClientAuthService com.alibaba.nacos.client.auth.ram.RamClientAuthServiceImpl success.
2026-09-08 17:50:27.662 [main] INFO  c.a.n.client.auth.ram.identify.CredentialWatcher - null No credential found
2026-09-08 17:50:27.672 [main] INFO  com.alibaba.nacos.common.remote.client - [RpcClientFactory] create a new rpc client of 87670918-96fb-4afc-b9ca-2e09d21aecaf
2026-09-08 17:50:27.695 [main] INFO  com.alibaba.nacos.common.remote.client - [87670918-96fb-4afc-b9ca-2e09d21aecaf] RpcClient init, ServerListFactory = com.alibaba.nacos.client.naming.core.ServerListManager
2026-09-08 17:50:27.695 [main] INFO  com.alibaba.nacos.common.remote.client - [87670918-96fb-4afc-b9ca-2e09d21aecaf] Registry connection listener to current client:com.alibaba.nacos.client.naming.remote.gprc.redo.NamingGrpcRedoService
2026-09-08 17:50:27.695 [main] INFO  com.alibaba.nacos.common.remote.client - [87670918-96fb-4afc-b9ca-2e09d21aecaf] Register server push request handler:com.alibaba.nacos.client.naming.remote.gprc.NamingPushRequestHandler
2026-09-08 17:50:27.700 [main] INFO  com.alibaba.nacos.common.remote.client - [87670918-96fb-4afc-b9ca-2e09d21aecaf] Try to connect to server on start up, server: {serverIp = '127.0.0.1', server main port = 8848}
2026-09-08 17:50:27.745 [main] INFO  c.a.nacos.common.remote.client.grpc.GrpcClient - grpc client connection server:127.0.0.1 ip,serverPort:9848,grpcTslConfig:{"sslProvider":"OPENSSL","enableTls":false,"mutualAuthEnable":false,"trustAll":false}
2026-09-08 17:50:29.141 [main] INFO  com.alibaba.nacos.common.remote.client - [87670918-96fb-4afc-b9ca-2e09d21aecaf] Success to connect to server [127.0.0.1:8848] on start up, connectionId = 1788861028925_172.17.0.1_35934
2026-09-08 17:50:29.142 [com.alibaba.nacos.client.remote.worker] INFO  com.alibaba.nacos.common.remote.client - [87670918-96fb-4afc-b9ca-2e09d21aecaf] Notify connected event to listeners.
2026-09-08 17:50:29.143 [com.alibaba.nacos.client.remote.worker] INFO  com.alibaba.nacos.client.naming - Grpc connection connect
2026-09-08 17:50:29.143 [main] INFO  com.alibaba.nacos.common.remote.client - [87670918-96fb-4afc-b9ca-2e09d21aecaf] Register server push request handler:com.alibaba.nacos.common.remote.client.RpcClient$ConnectResetRequestHandler
2026-09-08 17:50:29.144 [main] INFO  com.alibaba.nacos.common.remote.client - [87670918-96fb-4afc-b9ca-2e09d21aecaf] Register server push request handler:com.alibaba.nacos.common.remote.client.RpcClient$$Lambda$1043/0x000002a55a79b520
2026-09-08 17:50:29.149 [main] INFO  com.alibaba.nacos.client.naming - [REGISTER-SERVICE] xiaojiashu registering service xiaojiashu-user with instance Instance{instanceId='null', ip='192.168.52.11', port=8082, weight=1.0, healthy=true, enabled=true, ephemeral=true, clusterName='DEFAULT', serviceName='null', metadata={IPv6=null, preserved.register.source=SPRING_CLOUD}}
2026-09-08 17:50:29.186 [main] INFO  c.a.cloud.nacos.registry.NacosServiceRegistry - nacos registry, DEFAULT_GROUP xiaojiashu-user 192.168.52.11:8082 register finished
2026-09-08 17:50:29.538 [main] INFO  c.j.xiaojiashu.user.biz.XiaojiashuBizApplication - Started XiaojiashuBizApplication in 7.971 seconds (process running for 9.019)
2026-09-08 18:08:55.166 [http-nio-8082-exec-1] INFO  o.a.c.core.ContainerBase.[Tomcat].[localhost].[/] - Initializing Spring DispatcherServlet 'dispatcherServlet'
2026-09-08 18:08:55.169 [http-nio-8082-exec-1] INFO  org.springframework.web.servlet.DispatcherServlet - Initializing Servlet 'dispatcherServlet'
2026-09-08 18:08:55.192 [http-nio-8082-exec-1] INFO  org.springframework.web.servlet.DispatcherServlet - Completed initialization in 23 ms
2026-09-08 18:08:55.748 [http-nio-8082-exec-1] DEBUG c.j.x.u.b.d.m.U.updateByPrimaryKeySelective - ==>  Preparing: update t_user SET xiaojiashu_id = ?, nickname = ?, birthday = ?, sex = ?, introduction = ?, update_time = ? where id = ?
2026-09-08 18:08:56.178 [http-nio-8082-exec-1] DEBUG c.j.x.u.b.d.m.U.updateByPrimaryKeySelective - ==> Parameters: jiahuiling(String), 小贾同学(String), 2004-09-15(LocalDate), 1(Integer), 程序员一枚(String), 2026-09-08T18:08:55.596044600(LocalDateTime), null
2026-09-08 18:08:56.193 [http-nio-8082-exec-1] DEBUG c.j.x.u.b.d.m.U.updateByPrimaryKeySelective - <==    Updates: 0
2026-09-08 18:10:03.070 [http-nio-8082-exec-5] DEBUG c.j.x.u.b.d.m.U.updateByPrimaryKeySelective - ==>  Preparing: update t_user SET xiaojiashu_id = ?, nickname = ?, birthday = ?, sex = ?, introduction = ?, update_time = ? where id = ?
2026-09-08 18:10:03.076 [http-nio-8082-exec-5] DEBUG c.j.x.u.b.d.m.U.updateByPrimaryKeySelective - ==> Parameters: jiahuiling(String), 小贾同学(String), 2004-09-15(LocalDate), 1(Integer), 程序员一枚(String), 2026-09-08T18:10:03.064072(LocalDateTime), null
2026-09-08 18:10:03.080 [http-nio-8082-exec-5] DEBUG c.j.x.u.b.d.m.U.updateByPrimaryKeySelective - <==    Updates: 0
2026-09-08 18:19:08.443 [http-nio-8082-exec-4] DEBUG c.j.x.u.b.d.m.U.updateByPrimaryKeySelective - ==>  Preparing: update t_user SET xiaojiashu_id = ?, nickname = ?, birthday = ?, sex = ?, introduction = ?, update_time = ? where id = ?
2026-09-08 18:19:08.487 [http-nio-8082-exec-4] DEBUG c.j.x.u.b.d.m.U.updateByPrimaryKeySelective - ==> Parameters: jiahuiling(String), 小贾同学(String), 2004-09-15(LocalDate), 1(Integer), 程序员一枚(String), 2026-09-08T18:19:08.417363100(LocalDateTime), null
2026-09-08 18:19:08.569 [http-nio-8082-exec-4] DEBUG c.j.x.u.b.d.m.U.updateByPrimaryKeySelective - <==    Updates: 0
2026-09-08 18:19:11.496 [Thread-10] WARN  c.alibaba.nacos.common.http.HttpClientBeanHolder - [HttpClientBeanHolder] Start destroying common HttpClient
2026-09-08 18:19:11.496 [Thread-7] WARN  com.alibaba.nacos.common.notify.NotifyCenter - [NotifyCenter] Start destroying Publisher
2026-09-08 18:19:11.509 [Thread-7] WARN  com.alibaba.nacos.common.notify.NotifyCenter - [NotifyCenter] Destruction of the end
2026-09-08 18:19:11.512 [Thread-10] WARN  c.alibaba.nacos.common.http.HttpClientBeanHolder - [HttpClientBeanHolder] Destruction of the end
2026-09-08 18:19:12.061 [SpringApplicationShutdownHook] INFO  c.a.cloud.nacos.registry.NacosServiceRegistry - De-registering from Nacos Server now...
2026-09-08 18:19:12.063 [SpringApplicationShutdownHook] INFO  com.alibaba.nacos.client.naming - [DEREGISTER-SERVICE] xiaojiashu deregistering service xiaojiashu-user with instance: Instance{instanceId='null', ip='192.168.52.11', port=8082, weight=1.0, healthy=true, enabled=true, ephemeral=true, clusterName='DEFAULT', serviceName='null', metadata={}}
2026-09-08 18:19:12.088 [SpringApplicationShutdownHook] INFO  c.a.cloud.nacos.registry.NacosServiceRegistry - De-registration finished.
2026-09-08 18:19:12.090 [SpringApplicationShutdownHook] INFO  com.alibaba.nacos.client.naming - com.alibaba.nacos.client.naming.cache.ServiceInfoHolder do shutdown begin
2026-09-08 18:19:12.091 [SpringApplicationShutdownHook] INFO  com.alibaba.nacos.client.naming - com.alibaba.nacos.client.naming.backups.FailoverReactor do shutdown begin
2026-09-08 18:19:12.093 [SpringApplicationShutdownHook] INFO  com.alibaba.nacos.client.naming - com.alibaba.nacos.client.naming.backups.FailoverReactor do shutdown stop
2026-09-08 18:19:12.094 [SpringApplicationShutdownHook] INFO  com.alibaba.nacos.client.naming - com.alibaba.nacos.client.naming.cache.ServiceInfoHolder do shutdown stop
2026-09-08 18:19:12.094 [SpringApplicationShutdownHook] INFO  com.alibaba.nacos.client.naming - com.alibaba.nacos.client.naming.remote.NamingClientProxyDelegate do shutdown begin
2026-09-08 18:19:12.094 [SpringApplicationShutdownHook] INFO  com.alibaba.nacos.client.naming - com.alibaba.nacos.client.naming.core.ServiceInfoUpdateService do shutdown begin
2026-09-08 18:19:12.095 [SpringApplicationShutdownHook] INFO  com.alibaba.nacos.client.naming - com.alibaba.nacos.client.naming.core.ServiceInfoUpdateService do shutdown stop
2026-09-08 18:19:12.095 [SpringApplicationShutdownHook] INFO  com.alibaba.nacos.client.naming - com.alibaba.nacos.client.naming.core.ServerListManager do shutdown begin
2026-09-08 18:19:12.095 [SpringApplicationShutdownHook] WARN  com.alibaba.nacos.client.naming - [NamingHttpClientManager] Start destroying NacosRestTemplate
2026-09-08 18:19:12.096 [SpringApplicationShutdownHook] WARN  com.alibaba.nacos.client.naming - [NamingHttpClientManager] Destruction of the end
2026-09-08 18:19:12.096 [SpringApplicationShutdownHook] INFO  com.alibaba.nacos.client.naming - com.alibaba.nacos.client.naming.core.ServerListManager do shutdown stop
2026-09-08 18:19:12.096 [SpringApplicationShutdownHook] INFO  com.alibaba.nacos.client.naming - com.alibaba.nacos.client.naming.remote.http.NamingHttpClientProxy do shutdown begin
2026-09-08 18:19:12.096 [SpringApplicationShutdownHook] WARN  com.alibaba.nacos.client.naming - [NamingHttpClientManager] Start destroying NacosRestTemplate
2026-09-08 18:19:12.097 [SpringApplicationShutdownHook] WARN  com.alibaba.nacos.client.naming - [NamingHttpClientManager] Destruction of the end
2026-09-08 18:19:12.097 [SpringApplicationShutdownHook] INFO  com.alibaba.nacos.client.naming - com.alibaba.nacos.client.naming.remote.http.NamingHttpClientProxy do shutdown stop
2026-09-08 18:19:12.098 [SpringApplicationShutdownHook] INFO  com.alibaba.nacos.common.remote.client - Shutdown rpc client, set status to shutdown
2026-09-08 18:19:12.099 [SpringApplicationShutdownHook] INFO  com.alibaba.nacos.common.remote.client - Shutdown client event executor java.util.concurrent.ScheduledThreadPoolExecutor@651ec113[Running, pool size = 2, active threads = 2, queued tasks = 0, completed tasks = 0]
2026-09-08 18:19:12.100 [SpringApplicationShutdownHook] INFO  com.alibaba.nacos.common.remote.client - Close current connection 1788861028925_172.17.0.1_35934
2026-09-08 18:19:12.124 [nacos-grpc-client-executor-127.0.0.1-400] WARN  c.a.nacos.common.remote.client.grpc.GrpcClient - [1788861028925_172.17.0.1_35934]Ignore error event,isRunning:false,isAbandon=false
2026-09-08 18:19:12.132 [SpringApplicationShutdownHook] INFO  c.a.nacos.common.remote.client.grpc.GrpcClient - Shutdown grpc executor java.util.concurrent.ThreadPoolExecutor@706fbc59[Running, pool size = 4, active threads = 0, queued tasks = 0, completed tasks = 401]
2026-09-08 18:19:12.133 [SpringApplicationShutdownHook] INFO  com.alibaba.nacos.client.naming - Shutdown grpc redo service executor java.util.concurrent.ScheduledThreadPoolExecutor@3767856a[Running, pool size = 1, active threads = 0, queued tasks = 1, completed tasks = 573]
2026-09-08 18:19:12.134 [SpringApplicationShutdownHook] INFO  c.a.n.client.auth.ram.identify.CredentialWatcher - [null] CredentialWatcher is stopped
2026-09-08 18:19:12.134 [SpringApplicationShutdownHook] INFO  c.a.n.client.auth.ram.identify.CredentialService - [null] CredentialService is freed
2026-09-08 18:19:12.135 [SpringApplicationShutdownHook] INFO  com.alibaba.nacos.client.naming - com.alibaba.nacos.client.naming.remote.NamingClientProxyDelegate do shutdown stop
2026-09-08 18:19:12.177 [SpringApplicationShutdownHook] INFO  com.alibaba.druid.pool.DruidDataSource - {dataSource-1} closing ...
2026-09-08 18:19:12.218 [SpringApplicationShutdownHook] INFO  com.alibaba.druid.pool.DruidDataSource - {dataSource-1} closed
2026-09-08 18:19:32.620 [main] WARN  com.alibaba.nacos.client.logging.NacosLogging - Load Logback Configuration of Nacos fail, message: Could not initialize Logback Nacos logging from classpath:nacos-logback.xml
2026-09-08 18:19:32.809 [main] WARN  com.alibaba.nacos.client.logging.NacosLogging - Load Logback Configuration of Nacos fail, message: Could not initialize Logback Nacos logging from classpath:nacos-logback.xml
2026-09-08 18:19:34.935 [main] WARN  com.alibaba.nacos.client.logging.NacosLogging - Load Logback Configuration of Nacos fail, message: Could not initialize Logback Nacos logging from classpath:nacos-logback.xml
2026-09-08 18:19:34.974 [main] WARN  com.alibaba.nacos.client.logging.NacosLogging - Load Logback Configuration of Nacos fail, message: Could not initialize Logback Nacos logging from classpath:nacos-logback.xml
2026-09-08 18:19:34.977 [main] INFO  c.j.xiaojiashu.user.biz.XiaojiashuBizApplication - The following 1 profile is active: "dev"
2026-09-08 18:19:37.287 [main] INFO  o.springframework.cloud.context.scope.GenericScope - BeanFactory id=e393e563-126c-3b57-b601-97f3ef1b38be
2026-09-08 18:19:38.031 [main] INFO  o.s.boot.web.embedded.tomcat.TomcatWebServer - Tomcat initialized with port(s): 8082 (http)
2026-09-08 18:19:38.046 [main] INFO  org.apache.catalina.core.StandardService - Starting service [Tomcat]
2026-09-08 18:19:38.046 [main] INFO  org.apache.catalina.core.StandardEngine - Starting Servlet engine: [Apache Tomcat/10.1.5]
2026-09-08 18:19:38.201 [main] INFO  o.a.c.core.ContainerBase.[Tomcat].[localhost].[/] - Initializing Spring embedded WebApplicationContext
2026-09-08 18:19:38.201 [main] INFO  o.s.b.w.s.c.ServletWebServerApplicationContext - Root WebApplicationContext: initialization completed in 3155 ms
2026-09-08 18:19:38.334 [main] INFO  c.a.d.s.b.a.DruidDataSourceAutoConfigure - Init DruidDataSource
2026-09-08 18:19:38.757 [main] INFO  com.alibaba.druid.pool.DruidDataSource - {dataSource-1} inited
2026-09-08 18:19:43.885 [main] INFO  o.s.boot.web.embedded.tomcat.TomcatWebServer - Tomcat started on port(s): 8082 (http) with context path ''
2026-09-08 18:19:43.918 [main] WARN  com.alibaba.nacos.client.logging.NacosLogging - Load Logback Configuration of Nacos fail, message: Could not initialize Logback Nacos logging from classpath:nacos-logback.xml
2026-09-08 18:19:43.919 [main] INFO  com.alibaba.nacos.client.naming - initializer namespace from ans.namespace attribute : null
2026-09-08 18:19:43.923 [main] INFO  com.alibaba.nacos.client.naming - initializer namespace from ALIBABA_ALIWARE_NAMESPACE attribute :null
2026-09-08 18:19:43.926 [main] INFO  com.alibaba.nacos.client.naming - initializer namespace from namespace attribute :null
2026-09-08 18:19:44.068 [main] INFO  com.alibaba.nacos.client.utils.ParamUtil - [settings] [req-serv] nacos-server port:8848
2026-09-08 18:19:44.069 [main] INFO  com.alibaba.nacos.client.utils.ParamUtil - [settings] [http-client] connect timeout:1000
2026-09-08 18:19:44.076 [main] INFO  com.alibaba.nacos.client.utils.ParamUtil - PER_TASK_CONFIG_SIZE: 3000.0
2026-09-08 18:19:44.110 [main] INFO  c.a.n.p.auth.spi.client.ClientAuthPluginManager - [ClientAuthPluginManager] Load ClientAuthService com.alibaba.nacos.client.auth.impl.NacosClientAuthServiceImpl success.
2026-09-08 18:19:44.110 [main] INFO  c.a.n.p.auth.spi.client.ClientAuthPluginManager - [ClientAuthPluginManager] Load ClientAuthService com.alibaba.nacos.client.auth.ram.RamClientAuthServiceImpl success.
2026-09-08 18:19:44.130 [main] INFO  c.a.n.client.auth.ram.identify.CredentialWatcher - null No credential found
2026-09-08 18:19:44.184 [main] INFO  com.alibaba.nacos.common.remote.client - [RpcClientFactory] create a new rpc client of bdc4b9c1-6fd4-4c47-b3a9-2c526fb1fef4
2026-09-08 18:19:44.323 [main] INFO  com.alibaba.nacos.common.remote.client - [bdc4b9c1-6fd4-4c47-b3a9-2c526fb1fef4] RpcClient init, ServerListFactory = com.alibaba.nacos.client.naming.core.ServerListManager
2026-09-08 18:19:44.324 [main] INFO  com.alibaba.nacos.common.remote.client - [bdc4b9c1-6fd4-4c47-b3a9-2c526fb1fef4] Registry connection listener to current client:com.alibaba.nacos.client.naming.remote.gprc.redo.NamingGrpcRedoService
2026-09-08 18:19:44.327 [main] INFO  com.alibaba.nacos.common.remote.client - [bdc4b9c1-6fd4-4c47-b3a9-2c526fb1fef4] Register server push request handler:com.alibaba.nacos.client.naming.remote.gprc.NamingPushRequestHandler
2026-09-08 18:19:44.343 [main] INFO  com.alibaba.nacos.common.remote.client - [bdc4b9c1-6fd4-4c47-b3a9-2c526fb1fef4] Try to connect to server on start up, server: {serverIp = '127.0.0.1', server main port = 8848}
2026-09-08 18:19:44.623 [main] INFO  c.a.nacos.common.remote.client.grpc.GrpcClient - grpc client connection server:127.0.0.1 ip,serverPort:9848,grpcTslConfig:{"sslProvider":"OPENSSL","enableTls":false,"mutualAuthEnable":false,"trustAll":false}
2026-09-08 18:19:47.334 [com.alibaba.nacos.client.naming.grpc.redo.0] WARN  com.alibaba.nacos.client.naming - Grpc Connection is disconnect, skip current redo task
2026-09-08 18:19:49.931 [main] INFO  com.alibaba.nacos.common.remote.client - [bdc4b9c1-6fd4-4c47-b3a9-2c526fb1fef4] Success to connect to server [127.0.0.1:8848] on start up, connectionId = 1788862789414_172.17.0.1_60202
2026-09-08 18:19:49.934 [com.alibaba.nacos.client.remote.worker] INFO  com.alibaba.nacos.common.remote.client - [bdc4b9c1-6fd4-4c47-b3a9-2c526fb1fef4] Notify connected event to listeners.
2026-09-08 18:19:49.934 [com.alibaba.nacos.client.remote.worker] INFO  com.alibaba.nacos.client.naming - Grpc connection connect
2026-09-08 18:19:49.934 [main] INFO  com.alibaba.nacos.common.remote.client - [bdc4b9c1-6fd4-4c47-b3a9-2c526fb1fef4] Register server push request handler:com.alibaba.nacos.common.remote.client.RpcClient$ConnectResetRequestHandler
2026-09-08 18:19:49.936 [main] INFO  com.alibaba.nacos.common.remote.client - [bdc4b9c1-6fd4-4c47-b3a9-2c526fb1fef4] Register server push request handler:com.alibaba.nacos.common.remote.client.RpcClient$$Lambda$1043/0x000002c5017afca0
2026-09-08 18:19:49.940 [main] INFO  com.alibaba.nacos.client.naming - [REGISTER-SERVICE] xiaojiashu registering service xiaojiashu-user with instance Instance{instanceId='null', ip='192.168.52.11', port=8082, weight=1.0, healthy=true, enabled=true, ephemeral=true, clusterName='DEFAULT', serviceName='null', metadata={IPv6=null, preserved.register.source=SPRING_CLOUD}}
2026-09-08 18:19:49.999 [main] INFO  c.a.cloud.nacos.registry.NacosServiceRegistry - nacos registry, DEFAULT_GROUP xiaojiashu-user 192.168.52.11:8082 register finished
2026-09-08 18:19:51.577 [main] INFO  c.j.xiaojiashu.user.biz.XiaojiashuBizApplication - Started XiaojiashuBizApplication in 22.189 seconds (process running for 23.674)
2026-09-08 18:19:52.330 [http-nio-8082-exec-1] INFO  o.a.c.core.ContainerBase.[Tomcat].[localhost].[/] - Initializing Spring DispatcherServlet 'dispatcherServlet'
2026-09-08 18:19:52.331 [http-nio-8082-exec-1] INFO  org.springframework.web.servlet.DispatcherServlet - Initializing Servlet 'dispatcherServlet'
2026-09-08 18:19:52.337 [http-nio-8082-exec-1] INFO  org.springframework.web.servlet.DispatcherServlet - Completed initialization in 4 ms
2026-09-08 18:19:52.399 [http-nio-8082-exec-1] INFO  c.j.f.b.context.filter.HeaderUserId2ContextFilter - ## HeaderUserId2ContextFilter, 用户 ID: null
2026-09-08 18:19:52.930 [http-nio-8082-exec-1] DEBUG c.j.x.u.b.d.m.U.updateByPrimaryKeySelective - ==>  Preparing: update t_user SET xiaojiashu_id = ?, nickname = ?, birthday = ?, sex = ?, introduction = ?, update_time = ? where id = ?
2026-09-08 18:19:53.495 [http-nio-8082-exec-1] DEBUG c.j.x.u.b.d.m.U.updateByPrimaryKeySelective - ==> Parameters: jiahuiling(String), 小贾同学(String), 2004-09-15(LocalDate), 1(Integer), 程序员一枚(String), 2026-09-08T18:19:52.792469800(LocalDateTime), null
2026-09-08 18:19:53.516 [http-nio-8082-exec-1] DEBUG c.j.x.u.b.d.m.U.updateByPrimaryKeySelective - <==    Updates: 0
2026-09-08 18:39:28.968 [Thread-7] WARN  com.alibaba.nacos.common.notify.NotifyCenter - [NotifyCenter] Start destroying Publisher
2026-09-08 18:39:28.968 [Thread-10] WARN  c.alibaba.nacos.common.http.HttpClientBeanHolder - [HttpClientBeanHolder] Start destroying common HttpClient
2026-09-08 18:39:28.975 [Thread-7] WARN  com.alibaba.nacos.common.notify.NotifyCenter - [NotifyCenter] Destruction of the end
2026-09-08 18:39:28.985 [Thread-10] WARN  c.alibaba.nacos.common.http.HttpClientBeanHolder - [HttpClientBeanHolder] Destruction of the end
2026-09-08 18:39:29.173 [SpringApplicationShutdownHook] INFO  c.a.cloud.nacos.registry.NacosServiceRegistry - De-registering from Nacos Server now...
2026-09-08 18:39:29.173 [SpringApplicationShutdownHook] INFO  com.alibaba.nacos.client.naming - [DEREGISTER-SERVICE] xiaojiashu deregistering service xiaojiashu-user with instance: Instance{instanceId='null', ip='192.168.52.11', port=8082, weight=1.0, healthy=true, enabled=true, ephemeral=true, clusterName='DEFAULT', serviceName='null', metadata={}}
2026-09-08 18:39:29.722 [SpringApplicationShutdownHook] INFO  c.a.cloud.nacos.registry.NacosServiceRegistry - De-registration finished.
2026-09-08 18:39:29.724 [SpringApplicationShutdownHook] INFO  com.alibaba.nacos.client.naming - com.alibaba.nacos.client.naming.cache.ServiceInfoHolder do shutdown begin
2026-09-08 18:39:29.724 [SpringApplicationShutdownHook] INFO  com.alibaba.nacos.client.naming - com.alibaba.nacos.client.naming.backups.FailoverReactor do shutdown begin
2026-09-08 18:39:29.726 [SpringApplicationShutdownHook] INFO  com.alibaba.nacos.client.naming - com.alibaba.nacos.client.naming.backups.FailoverReactor do shutdown stop
2026-09-08 18:39:29.727 [SpringApplicationShutdownHook] INFO  com.alibaba.nacos.client.naming - com.alibaba.nacos.client.naming.cache.ServiceInfoHolder do shutdown stop
2026-09-08 18:39:29.727 [SpringApplicationShutdownHook] INFO  com.alibaba.nacos.client.naming - com.alibaba.nacos.client.naming.remote.NamingClientProxyDelegate do shutdown begin
2026-09-08 18:39:29.727 [SpringApplicationShutdownHook] INFO  com.alibaba.nacos.client.naming - com.alibaba.nacos.client.naming.core.ServiceInfoUpdateService do shutdown begin
2026-09-08 18:39:29.727 [SpringApplicationShutdownHook] INFO  com.alibaba.nacos.client.naming - com.alibaba.nacos.client.naming.core.ServiceInfoUpdateService do shutdown stop
2026-09-08 18:39:29.728 [SpringApplicationShutdownHook] INFO  com.alibaba.nacos.client.naming - com.alibaba.nacos.client.naming.core.ServerListManager do shutdown begin
2026-09-08 18:39:29.728 [SpringApplicationShutdownHook] WARN  com.alibaba.nacos.client.naming - [NamingHttpClientManager] Start destroying NacosRestTemplate
2026-09-08 18:39:29.729 [SpringApplicationShutdownHook] WARN  com.alibaba.nacos.client.naming - [NamingHttpClientManager] Destruction of the end
2026-09-08 18:39:29.729 [SpringApplicationShutdownHook] INFO  com.alibaba.nacos.client.naming - com.alibaba.nacos.client.naming.core.ServerListManager do shutdown stop
2026-09-08 18:39:29.729 [SpringApplicationShutdownHook] INFO  com.alibaba.nacos.client.naming - com.alibaba.nacos.client.naming.remote.http.NamingHttpClientProxy do shutdown begin
2026-09-08 18:39:29.729 [SpringApplicationShutdownHook] WARN  com.alibaba.nacos.client.naming - [NamingHttpClientManager] Start destroying NacosRestTemplate
2026-09-08 18:39:29.729 [SpringApplicationShutdownHook] WARN  com.alibaba.nacos.client.naming - [NamingHttpClientManager] Destruction of the end
2026-09-08 18:39:29.729 [SpringApplicationShutdownHook] INFO  com.alibaba.nacos.client.naming - com.alibaba.nacos.client.naming.remote.http.NamingHttpClientProxy do shutdown stop
2026-09-08 18:39:29.730 [SpringApplicationShutdownHook] INFO  com.alibaba.nacos.common.remote.client - Shutdown rpc client, set status to shutdown
2026-09-08 18:39:29.731 [SpringApplicationShutdownHook] INFO  com.alibaba.nacos.common.remote.client - Shutdown client event executor java.util.concurrent.ScheduledThreadPoolExecutor@693d9350[Running, pool size = 2, active threads = 2, queued tasks = 0, completed tasks = 0]
2026-09-08 18:39:29.731 [SpringApplicationShutdownHook] INFO  com.alibaba.nacos.common.remote.client - Close current connection 1788862789414_172.17.0.1_60202
2026-09-08 18:39:29.742 [nacos-grpc-client-executor-127.0.0.1-275] INFO  c.a.nacos.common.remote.client.grpc.GrpcClient - [1788862789414_172.17.0.1_60202]Ignore complete event,isRunning:false,isAbandon=false
2026-09-08 18:39:29.752 [SpringApplicationShutdownHook] INFO  c.a.nacos.common.remote.client.grpc.GrpcClient - Shutdown grpc executor java.util.concurrent.ThreadPoolExecutor@785e274e[Running, pool size = 4, active threads = 0, queued tasks = 0, completed tasks = 276]
2026-09-08 18:39:29.752 [SpringApplicationShutdownHook] INFO  com.alibaba.nacos.client.naming - Shutdown grpc redo service executor java.util.concurrent.ScheduledThreadPoolExecutor@4df9fc5d[Running, pool size = 1, active threads = 0, queued tasks = 1, completed tasks = 393]
2026-09-08 18:39:29.753 [SpringApplicationShutdownHook] INFO  c.a.n.client.auth.ram.identify.CredentialWatcher - [null] CredentialWatcher is stopped
2026-09-08 18:39:29.754 [SpringApplicationShutdownHook] INFO  c.a.n.client.auth.ram.identify.CredentialService - [null] CredentialService is freed
2026-09-08 18:39:29.754 [SpringApplicationShutdownHook] INFO  com.alibaba.nacos.client.naming - com.alibaba.nacos.client.naming.remote.NamingClientProxyDelegate do shutdown stop
2026-09-08 18:39:29.763 [SpringApplicationShutdownHook] INFO  com.alibaba.druid.pool.DruidDataSource - {dataSource-1} closing ...
2026-09-08 18:39:29.768 [SpringApplicationShutdownHook] INFO  com.alibaba.druid.pool.DruidDataSource - {dataSource-1} closed
2026-09-08 18:48:30.445 [main] WARN  com.alibaba.nacos.client.logging.NacosLogging - Load Logback Configuration of Nacos fail, message: Could not initialize Logback Nacos logging from classpath:nacos-logback.xml
2026-09-08 18:48:30.586 [main] WARN  com.alibaba.nacos.client.logging.NacosLogging - Load Logback Configuration of Nacos fail, message: Could not initialize Logback Nacos logging from classpath:nacos-logback.xml
2026-09-08 18:48:32.455 [main] WARN  com.alibaba.nacos.client.logging.NacosLogging - Load Logback Configuration of Nacos fail, message: Could not initialize Logback Nacos logging from classpath:nacos-logback.xml
2026-09-08 18:48:32.483 [main] WARN  com.alibaba.nacos.client.logging.NacosLogging - Load Logback Configuration of Nacos fail, message: Could not initialize Logback Nacos logging from classpath:nacos-logback.xml
2026-09-08 18:48:32.485 [main] INFO  c.j.x.user.biz.XiaojiashuUserBizApplication - The following 1 profile is active: "dev"
2026-09-08 18:48:34.237 [main] INFO  o.springframework.cloud.context.scope.GenericScope - BeanFactory id=9955a569-55e4-346b-8120-3c2278d7272a
2026-09-08 18:48:34.307 [main] INFO  o.s.c.s.PostProcessorRegistrationDelegate$BeanPostProcessorChecker - Bean 'com.jiahuiling.xiaojiashu.oss.api.FileFeignApi' of type [org.springframework.cloud.openfeign.FeignClientFactoryBean] is not eligible for getting processed by all BeanPostProcessors (for example: not eligible for auto-proxying)
2026-09-08 18:48:35.423 [main] INFO  o.s.boot.web.embedded.tomcat.TomcatWebServer - Tomcat initialized with port(s): 8082 (http)
2026-09-08 18:48:35.445 [main] INFO  org.apache.catalina.core.StandardService - Starting service [Tomcat]
2026-09-08 18:48:35.446 [main] INFO  org.apache.catalina.core.StandardEngine - Starting Servlet engine: [Apache Tomcat/10.1.5]
2026-09-08 18:48:35.690 [main] INFO  o.a.c.core.ContainerBase.[Tomcat].[localhost].[/] - Initializing Spring embedded WebApplicationContext
2026-09-08 18:48:35.690 [main] INFO  o.s.b.w.s.c.ServletWebServerApplicationContext - Root WebApplicationContext: initialization completed in 3139 ms
2026-09-08 18:48:35.952 [main] INFO  c.a.d.s.b.a.DruidDataSourceAutoConfigure - Init DruidDataSource
2026-09-08 18:48:36.665 [main] INFO  com.alibaba.druid.pool.DruidDataSource - {dataSource-1} inited
2026-09-08 18:48:37.649 [main] INFO  o.s.cloud.openfeign.FeignClientFactoryBean - For 'xiaohashu-oss' URL not provided. Will try picking an instance via load-balancing.
2026-09-08 18:48:44.365 [main] WARN  o.s.c.l.c.LoadBalancerCacheAutoConfiguration$LoadBalancerCaffeineWarnLogger - Spring Cloud LoadBalancer is currently working with the default cache. While this cache implementation is useful for development and tests, it's recommended to use Caffeine cache in production.You can switch to using Caffeine cache, by adding it and org.springframework.cache.caffeine.CaffeineCacheManager to the classpath.
2026-09-08 18:48:44.691 [main] INFO  o.s.boot.web.embedded.tomcat.TomcatWebServer - Tomcat started on port(s): 8082 (http) with context path ''
2026-09-08 18:48:44.715 [main] WARN  com.alibaba.nacos.client.logging.NacosLogging - Load Logback Configuration of Nacos fail, message: Could not initialize Logback Nacos logging from classpath:nacos-logback.xml
2026-09-08 18:48:44.717 [main] INFO  com.alibaba.nacos.client.naming - initializer namespace from ans.namespace attribute : null
2026-09-08 18:48:44.720 [main] INFO  com.alibaba.nacos.client.naming - initializer namespace from ALIBABA_ALIWARE_NAMESPACE attribute :null
2026-09-08 18:48:44.722 [main] INFO  com.alibaba.nacos.client.naming - initializer namespace from namespace attribute :null
2026-09-08 18:48:44.817 [main] INFO  com.alibaba.nacos.client.utils.ParamUtil - [settings] [req-serv] nacos-server port:8848
2026-09-08 18:48:44.817 [main] INFO  com.alibaba.nacos.client.utils.ParamUtil - [settings] [http-client] connect timeout:1000
2026-09-08 18:48:44.821 [main] INFO  com.alibaba.nacos.client.utils.ParamUtil - PER_TASK_CONFIG_SIZE: 3000.0
2026-09-08 18:48:44.835 [main] INFO  c.a.n.p.auth.spi.client.ClientAuthPluginManager - [ClientAuthPluginManager] Load ClientAuthService com.alibaba.nacos.client.auth.impl.NacosClientAuthServiceImpl success.
2026-09-08 18:48:44.835 [main] INFO  c.a.n.p.auth.spi.client.ClientAuthPluginManager - [ClientAuthPluginManager] Load ClientAuthService com.alibaba.nacos.client.auth.ram.RamClientAuthServiceImpl success.
2026-09-08 18:48:44.844 [main] INFO  c.a.n.client.auth.ram.identify.CredentialWatcher - null No credential found
2026-09-08 18:48:44.874 [main] INFO  com.alibaba.nacos.common.remote.client - [RpcClientFactory] create a new rpc client of e016808a-11dd-4e2a-b75c-d9b2dd24bce9
2026-09-08 18:48:44.943 [main] INFO  com.alibaba.nacos.common.remote.client - [e016808a-11dd-4e2a-b75c-d9b2dd24bce9] RpcClient init, ServerListFactory = com.alibaba.nacos.client.naming.core.ServerListManager
2026-09-08 18:48:44.944 [main] INFO  com.alibaba.nacos.common.remote.client - [e016808a-11dd-4e2a-b75c-d9b2dd24bce9] Registry connection listener to current client:com.alibaba.nacos.client.naming.remote.gprc.redo.NamingGrpcRedoService
2026-09-08 18:48:44.945 [main] INFO  com.alibaba.nacos.common.remote.client - [e016808a-11dd-4e2a-b75c-d9b2dd24bce9] Register server push request handler:com.alibaba.nacos.client.naming.remote.gprc.NamingPushRequestHandler
2026-09-08 18:48:44.952 [main] INFO  com.alibaba.nacos.common.remote.client - [e016808a-11dd-4e2a-b75c-d9b2dd24bce9] Try to connect to server on start up, server: {serverIp = '127.0.0.1', server main port = 8848}
2026-09-08 18:48:45.116 [main] INFO  c.a.nacos.common.remote.client.grpc.GrpcClient - grpc client connection server:127.0.0.1 ip,serverPort:9848,grpcTslConfig:{"sslProvider":"OPENSSL","enableTls":false,"mutualAuthEnable":false,"trustAll":false}
2026-09-08 18:48:47.943 [com.alibaba.nacos.client.naming.grpc.redo.0] WARN  com.alibaba.nacos.client.naming - Grpc Connection is disconnect, skip current redo task
2026-09-08 18:48:50.230 [main] INFO  com.alibaba.nacos.common.remote.client - [e016808a-11dd-4e2a-b75c-d9b2dd24bce9] Success to connect to server [127.0.0.1:8848] on start up, connectionId = 1788864529670_172.17.0.1_43922
2026-09-08 18:48:50.232 [com.alibaba.nacos.client.remote.worker] INFO  com.alibaba.nacos.common.remote.client - [e016808a-11dd-4e2a-b75c-d9b2dd24bce9] Notify connected event to listeners.
2026-09-08 18:48:50.233 [com.alibaba.nacos.client.remote.worker] INFO  com.alibaba.nacos.client.naming - Grpc connection connect
2026-09-08 18:48:50.234 [main] INFO  com.alibaba.nacos.common.remote.client - [e016808a-11dd-4e2a-b75c-d9b2dd24bce9] Register server push request handler:com.alibaba.nacos.common.remote.client.RpcClient$ConnectResetRequestHandler
2026-09-08 18:48:50.235 [main] INFO  com.alibaba.nacos.common.remote.client - [e016808a-11dd-4e2a-b75c-d9b2dd24bce9] Register server push request handler:com.alibaba.nacos.common.remote.client.RpcClient$$Lambda$1104/0x000002b9b27f77d8
2026-09-08 18:48:50.240 [main] INFO  com.alibaba.nacos.client.naming - [REGISTER-SERVICE] xiaojiashu registering service xiaojiashu-user with instance Instance{instanceId='null', ip='192.168.52.11', port=8082, weight=1.0, healthy=true, enabled=true, ephemeral=true, clusterName='DEFAULT', serviceName='null', metadata={IPv6=null, preserved.register.source=SPRING_CLOUD}}
2026-09-08 18:48:50.296 [main] INFO  c.a.cloud.nacos.registry.NacosServiceRegistry - nacos registry, DEFAULT_GROUP xiaojiashu-user 192.168.52.11:8082 register finished
2026-09-08 18:48:51.855 [main] INFO  c.j.x.user.biz.XiaojiashuUserBizApplication - Started XiaojiashuUserBizApplication in 23.541 seconds (process running for 25.083)
2026-09-08 18:49:48.485 [http-nio-8082-exec-1] INFO  o.a.c.core.ContainerBase.[Tomcat].[localhost].[/] - Initializing Spring DispatcherServlet 'dispatcherServlet'
2026-09-08 18:49:48.488 [http-nio-8082-exec-1] INFO  org.springframework.web.servlet.DispatcherServlet - Initializing Servlet 'dispatcherServlet'
2026-09-08 18:49:48.498 [http-nio-8082-exec-1] INFO  org.springframework.web.servlet.DispatcherServlet - Completed initialization in 10 ms
2026-09-08 18:49:48.538 [http-nio-8082-exec-1] INFO  c.j.f.b.context.filter.HeaderUserId2ContextFilter - ## HeaderUserId2ContextFilter, 用户 ID: 5
2026-09-08 18:49:48.560 [http-nio-8082-exec-1] INFO  c.j.f.b.context.filter.HeaderUserId2ContextFilter - ===== 设置 userId 到 ThreadLocal 中， 用户 ID: 5
2026-09-08 18:49:49.395 [http-nio-8082-exec-1] INFO  com.alibaba.nacos.client.naming - [SUBSCRIBE-SERVICE] service:xiaohashu-oss, group:DEFAULT_GROUP, clusters: 
2026-09-08 18:49:49.432 [http-nio-8082-exec-1] INFO  com.alibaba.nacos.client.naming - init new ips(0) service: DEFAULT_GROUP@@xiaohashu-oss -> []
2026-09-08 18:49:49.459 [http-nio-8082-exec-1] INFO  com.alibaba.nacos.client.naming - current ips:(0) service: DEFAULT_GROUP@@xiaohashu-oss -> []
2026-09-08 18:49:49.504 [http-nio-8082-exec-1] WARN  o.s.cloud.loadbalancer.core.RoundRobinLoadBalancer - No servers available for service: xiaohashu-oss
2026-09-08 18:49:49.533 [http-nio-8082-exec-1] WARN  o.s.c.o.l.FeignBlockingLoadBalancerClient - Load balancer does not contain an instance for the service xiaohashu-oss
2026-09-08 18:49:49.573 [http-nio-8082-exec-1] ERROR c.j.x.user.biz.exception.GlobalExceptionHandler - /user/update request error
feign.FeignException$ServiceUnavailable: [503] during [POST] to [http://xiaohashu-oss/file/test] [FileFeignApi#test()]: [Load balancer does not contain an instance for the service xiaohashu-oss]
	at feign.FeignException.serverErrorStatus(FeignException.java:265)
	at feign.FeignException.errorStatus(FeignException.java:206)
	at feign.FeignException.errorStatus(FeignException.java:194)
	at feign.FeignException.errorStatus(FeignException.java:171)
	at feign.codec.ErrorDecoder$Default.decode(ErrorDecoder.java:92)
	at feign.ResponseHandler.decodeError(ResponseHandler.java:136)
	at feign.ResponseHandler.handleResponse(ResponseHandler.java:70)
	at feign.SynchronousMethodHandler.executeAndDecode(SynchronousMethodHandler.java:116)
	at feign.SynchronousMethodHandler.invoke(SynchronousMethodHandler.java:72)
	at feign.ReflectiveFeign$FeignInvocationHandler.invoke(ReflectiveFeign.java:98)
	at jdk.proxy2/jdk.proxy2.$Proxy84.test(Unknown Source)
	at com.jiahuiling.xiaojiashu.user.biz.service.Impl.UserServiceImpl.updateUserInfo(UserServiceImpl.java:54)
	at com.jiahuiling.xiaojiashu.user.biz.controller.UserController.updateUser(UserController.java:41)
	at java.base/jdk.internal.reflect.NativeMethodAccessorImpl.invoke0(Native Method)
	at java.base/jdk.internal.reflect.NativeMethodAccessorImpl.invoke(NativeMethodAccessorImpl.java:77)
	at java.base/jdk.internal.reflect.DelegatingMethodAccessorImpl.invoke(DelegatingMethodAccessorImpl.java:43)
	at java.base/java.lang.reflect.Method.invoke(Method.java:569)
	at org.springframework.web.method.support.InvocableHandlerMethod.doInvoke(InvocableHandlerMethod.java:207)
	at org.springframework.web.method.support.InvocableHandlerMethod.invokeForRequest(InvocableHandlerMethod.java:152)
	at org.springframework.web.servlet.mvc.method.annotation.ServletInvocableHandlerMethod.invokeAndHandle(ServletInvocableHandlerMethod.java:117)
	at org.springframework.web.servlet.mvc.method.annotation.RequestMappingHandlerAdapter.invokeHandlerMethod(RequestMappingHandlerAdapter.java:884)
	at org.springframework.web.servlet.mvc.method.annotation.RequestMappingHandlerAdapter.handleInternal(RequestMappingHandlerAdapter.java:797)
	at org.springframework.web.servlet.mvc.method.AbstractHandlerMethodAdapter.handle(AbstractHandlerMethodAdapter.java:87)
	at org.springframework.web.servlet.DispatcherServlet.doDispatch(DispatcherServlet.java:1080)
	at org.springframework.web.servlet.DispatcherServlet.doService(DispatcherServlet.java:973)
	at org.springframework.web.servlet.FrameworkServlet.processRequest(FrameworkServlet.java:1011)
	at org.springframework.web.servlet.FrameworkServlet.doPost(FrameworkServlet.java:914)
	at jakarta.servlet.http.HttpServlet.service(HttpServlet.java:731)
	at org.springframework.web.servlet.FrameworkServlet.service(FrameworkServlet.java:885)
	at jakarta.servlet.http.HttpServlet.service(HttpServlet.java:814)
	at org.apache.catalina.core.ApplicationFilterChain.internalDoFilter(ApplicationFilterChain.java:223)
	at org.apache.catalina.core.ApplicationFilterChain.doFilter(ApplicationFilterChain.java:158)
	at org.apache.tomcat.websocket.server.WsFilter.doFilter(WsFilter.java:53)
	at org.apache.catalina.core.ApplicationFilterChain.internalDoFilter(ApplicationFilterChain.java:185)
	at org.apache.catalina.core.ApplicationFilterChain.doFilter(ApplicationFilterChain.java:158)
	at com.jiahuiling.framework.biz.context.filter.HeaderUserId2ContextFilter.doFilterInternal(HeaderUserId2ContextFilter.java:43)
	at org.springframework.web.filter.OncePerRequestFilter.doFilter(OncePerRequestFilter.java:116)
	at org.apache.catalina.core.ApplicationFilterChain.internalDoFilter(ApplicationFilterChain.java:185)
	at org.apache.catalina.core.ApplicationFilterChain.doFilter(ApplicationFilterChain.java:158)
	at com.alibaba.druid.support.jakarta.WebStatFilter.doFilter(WebStatFilter.java:113)
	at org.apache.catalina.core.ApplicationFilterChain.internalDoFilter(ApplicationFilterChain.java:185)
	at org.apache.catalina.core.ApplicationFilterChain.doFilter(ApplicationFilterChain.java:158)
	at org.springframework.web.filter.RequestContextFilter.doFilterInternal(RequestContextFilter.java:100)
	at org.springframework.web.filter.OncePerRequestFilter.doFilter(OncePerRequestFilter.java:116)
	at org.apache.catalina.core.ApplicationFilterChain.internalDoFilter(ApplicationFilterChain.java:185)
	at org.apache.catalina.core.ApplicationFilterChain.doFilter(ApplicationFilterChain.java:158)
	at org.springframework.web.filter.FormContentFilter.doFilterInternal(FormContentFilter.java:93)
	at org.springframework.web.filter.OncePerRequestFilter.doFilter(OncePerRequestFilter.java:116)
	at org.apache.catalina.core.ApplicationFilterChain.internalDoFilter(ApplicationFilterChain.java:185)
	at org.apache.catalina.core.ApplicationFilterChain.doFilter(ApplicationFilterChain.java:158)
	at org.springframework.web.filter.CharacterEncodingFilter.doFilterInternal(CharacterEncodingFilter.java:201)
	at org.springframework.web.filter.OncePerRequestFilter.doFilter(OncePerRequestFilter.java:116)
	at org.apache.catalina.core.ApplicationFilterChain.internalDoFilter(ApplicationFilterChain.java:185)
	at org.apache.catalina.core.ApplicationFilterChain.doFilter(ApplicationFilterChain.java:158)
	at org.apache.catalina.core.StandardWrapperValve.invoke(StandardWrapperValve.java:177)
	at org.apache.catalina.core.StandardContextValve.invoke(StandardContextValve.java:97)
	at org.apache.catalina.authenticator.AuthenticatorBase.invoke(AuthenticatorBase.java:542)
	at org.apache.catalina.core.StandardHostValve.invoke(StandardHostValve.java:119)
	at org.apache.catalina.valves.ErrorReportValve.invoke(ErrorReportValve.java:92)
	at org.apache.catalina.core.StandardEngineValve.invoke(StandardEngineValve.java:78)
	at org.apache.catalina.connector.CoyoteAdapter.service(CoyoteAdapter.java:357)
	at org.apache.coyote.http11.Http11Processor.service(Http11Processor.java:400)
	at org.apache.coyote.AbstractProcessorLight.process(AbstractProcessorLight.java:65)
	at org.apache.coyote.AbstractProtocol$ConnectionHandler.process(AbstractProtocol.java:859)
	at org.apache.tomcat.util.net.NioEndpoint$SocketProcessor.doRun(NioEndpoint.java:1734)
	at org.apache.tomcat.util.net.SocketProcessorBase.run(SocketProcessorBase.java:52)
	at org.apache.tomcat.util.threads.ThreadPoolExecutor.runWorker(ThreadPoolExecutor.java:1191)
	at org.apache.tomcat.util.threads.ThreadPoolExecutor$Worker.run(ThreadPoolExecutor.java:659)
	at org.apache.tomcat.util.threads.TaskThread$WrappingRunnable.run(TaskThread.java:61)
	at java.base/java.lang.Thread.run(Thread.java:840)
2026-09-08 18:49:49.645 [http-nio-8082-exec-1] INFO  c.j.f.b.context.filter.HeaderUserId2ContextFilter - ===== 删除 ThreadLocal， userId: 5
2026-09-08 18:49:49.996 [nacos-grpc-client-executor-127.0.0.1-23] INFO  com.alibaba.nacos.common.remote.client - [e016808a-11dd-4e2a-b75c-d9b2dd24bce9] Receive server push request, request = NotifySubscriberRequest, requestId = 12
2026-09-08 18:49:49.996 [nacos-grpc-client-executor-127.0.0.1-23] INFO  com.alibaba.nacos.common.remote.client - [e016808a-11dd-4e2a-b75c-d9b2dd24bce9] Ack server push request, request = NotifySubscriberRequest, requestId = 12
2026-09-08 18:55:51.104 [http-nio-8082-exec-3] INFO  c.j.f.b.context.filter.HeaderUserId2ContextFilter - ## HeaderUserId2ContextFilter, 用户 ID: 5
2026-09-08 18:55:51.108 [http-nio-8082-exec-3] INFO  c.j.f.b.context.filter.HeaderUserId2ContextFilter - ===== 设置 userId 到 ThreadLocal 中， 用户 ID: 5
2026-09-08 18:55:51.187 [http-nio-8082-exec-3] WARN  o.s.cloud.loadbalancer.core.RoundRobinLoadBalancer - No servers available for service: xiaohashu-oss
2026-09-08 18:55:51.191 [http-nio-8082-exec-3] WARN  o.s.c.o.l.FeignBlockingLoadBalancerClient - Load balancer does not contain an instance for the service xiaohashu-oss
2026-09-08 18:55:51.196 [http-nio-8082-exec-3] ERROR c.j.x.user.biz.exception.GlobalExceptionHandler - /user/update request error
feign.FeignException$ServiceUnavailable: [503] during [POST] to [http://xiaohashu-oss/file/test] [FileFeignApi#test()]: [Load balancer does not contain an instance for the service xiaohashu-oss]
	at feign.FeignException.serverErrorStatus(FeignException.java:265)
	at feign.FeignException.errorStatus(FeignException.java:206)
	at feign.FeignException.errorStatus(FeignException.java:194)
	at feign.FeignException.errorStatus(FeignException.java:171)
	at feign.codec.ErrorDecoder$Default.decode(ErrorDecoder.java:92)
	at feign.ResponseHandler.decodeError(ResponseHandler.java:136)
	at feign.ResponseHandler.handleResponse(ResponseHandler.java:70)
	at feign.SynchronousMethodHandler.executeAndDecode(SynchronousMethodHandler.java:116)
	at feign.SynchronousMethodHandler.invoke(SynchronousMethodHandler.java:72)
	at feign.ReflectiveFeign$FeignInvocationHandler.invoke(ReflectiveFeign.java:98)
	at jdk.proxy2/jdk.proxy2.$Proxy84.test(Unknown Source)
	at com.jiahuiling.xiaojiashu.user.biz.service.Impl.UserServiceImpl.updateUserInfo(UserServiceImpl.java:54)
	at com.jiahuiling.xiaojiashu.user.biz.controller.UserController.updateUser(UserController.java:41)
	at java.base/jdk.internal.reflect.NativeMethodAccessorImpl.invoke0(Native Method)
	at java.base/jdk.internal.reflect.NativeMethodAccessorImpl.invoke(NativeMethodAccessorImpl.java:77)
	at java.base/jdk.internal.reflect.DelegatingMethodAccessorImpl.invoke(DelegatingMethodAccessorImpl.java:43)
	at java.base/java.lang.reflect.Method.invoke(Method.java:569)
	at org.springframework.web.method.support.InvocableHandlerMethod.doInvoke(InvocableHandlerMethod.java:207)
	at org.springframework.web.method.support.InvocableHandlerMethod.invokeForRequest(InvocableHandlerMethod.java:152)
	at org.springframework.web.servlet.mvc.method.annotation.ServletInvocableHandlerMethod.invokeAndHandle(ServletInvocableHandlerMethod.java:117)
	at org.springframework.web.servlet.mvc.method.annotation.RequestMappingHandlerAdapter.invokeHandlerMethod(RequestMappingHandlerAdapter.java:884)
	at org.springframework.web.servlet.mvc.method.annotation.RequestMappingHandlerAdapter.handleInternal(RequestMappingHandlerAdapter.java:797)
	at org.springframework.web.servlet.mvc.method.AbstractHandlerMethodAdapter.handle(AbstractHandlerMethodAdapter.java:87)
	at org.springframework.web.servlet.DispatcherServlet.doDispatch(DispatcherServlet.java:1080)
	at org.springframework.web.servlet.DispatcherServlet.doService(DispatcherServlet.java:973)
	at org.springframework.web.servlet.FrameworkServlet.processRequest(FrameworkServlet.java:1011)
	at org.springframework.web.servlet.FrameworkServlet.doPost(FrameworkServlet.java:914)
	at jakarta.servlet.http.HttpServlet.service(HttpServlet.java:731)
	at org.springframework.web.servlet.FrameworkServlet.service(FrameworkServlet.java:885)
	at jakarta.servlet.http.HttpServlet.service(HttpServlet.java:814)
	at org.apache.catalina.core.ApplicationFilterChain.internalDoFilter(ApplicationFilterChain.java:223)
	at org.apache.catalina.core.ApplicationFilterChain.doFilter(ApplicationFilterChain.java:158)
	at org.apache.tomcat.websocket.server.WsFilter.doFilter(WsFilter.java:53)
	at org.apache.catalina.core.ApplicationFilterChain.internalDoFilter(ApplicationFilterChain.java:185)
	at org.apache.catalina.core.ApplicationFilterChain.doFilter(ApplicationFilterChain.java:158)
	at com.jiahuiling.framework.biz.context.filter.HeaderUserId2ContextFilter.doFilterInternal(HeaderUserId2ContextFilter.java:43)
	at org.springframework.web.filter.OncePerRequestFilter.doFilter(OncePerRequestFilter.java:116)
	at org.apache.catalina.core.ApplicationFilterChain.internalDoFilter(ApplicationFilterChain.java:185)
	at org.apache.catalina.core.ApplicationFilterChain.doFilter(ApplicationFilterChain.java:158)
	at com.alibaba.druid.support.jakarta.WebStatFilter.doFilter(WebStatFilter.java:113)
	at org.apache.catalina.core.ApplicationFilterChain.internalDoFilter(ApplicationFilterChain.java:185)
	at org.apache.catalina.core.ApplicationFilterChain.doFilter(ApplicationFilterChain.java:158)
	at org.springframework.web.filter.RequestContextFilter.doFilterInternal(RequestContextFilter.java:100)
	at org.springframework.web.filter.OncePerRequestFilter.doFilter(OncePerRequestFilter.java:116)
	at org.apache.catalina.core.ApplicationFilterChain.internalDoFilter(ApplicationFilterChain.java:185)
	at org.apache.catalina.core.ApplicationFilterChain.doFilter(ApplicationFilterChain.java:158)
	at org.springframework.web.filter.FormContentFilter.doFilterInternal(FormContentFilter.java:93)
	at org.springframework.web.filter.OncePerRequestFilter.doFilter(OncePerRequestFilter.java:116)
	at org.apache.catalina.core.ApplicationFilterChain.internalDoFilter(ApplicationFilterChain.java:185)
	at org.apache.catalina.core.ApplicationFilterChain.doFilter(ApplicationFilterChain.java:158)
	at org.springframework.web.filter.CharacterEncodingFilter.doFilterInternal(CharacterEncodingFilter.java:201)
	at org.springframework.web.filter.OncePerRequestFilter.doFilter(OncePerRequestFilter.java:116)
	at org.apache.catalina.core.ApplicationFilterChain.internalDoFilter(ApplicationFilterChain.java:185)
	at org.apache.catalina.core.ApplicationFilterChain.doFilter(ApplicationFilterChain.java:158)
	at org.apache.catalina.core.StandardWrapperValve.invoke(StandardWrapperValve.java:177)
	at org.apache.catalina.core.StandardContextValve.invoke(StandardContextValve.java:97)
	at org.apache.catalina.authenticator.AuthenticatorBase.invoke(AuthenticatorBase.java:542)
	at org.apache.catalina.core.StandardHostValve.invoke(StandardHostValve.java:119)
	at org.apache.catalina.valves.ErrorReportValve.invoke(ErrorReportValve.java:92)
	at org.apache.catalina.core.StandardEngineValve.invoke(StandardEngineValve.java:78)
	at org.apache.catalina.connector.CoyoteAdapter.service(CoyoteAdapter.java:357)
	at org.apache.coyote.http11.Http11Processor.service(Http11Processor.java:400)
	at org.apache.coyote.AbstractProcessorLight.process(AbstractProcessorLight.java:65)
	at org.apache.coyote.AbstractProtocol$ConnectionHandler.process(AbstractProtocol.java:859)
	at org.apache.tomcat.util.net.NioEndpoint$SocketProcessor.doRun(NioEndpoint.java:1734)
	at org.apache.tomcat.util.net.SocketProcessorBase.run(SocketProcessorBase.java:52)
	at org.apache.tomcat.util.threads.ThreadPoolExecutor.runWorker(ThreadPoolExecutor.java:1191)
	at org.apache.tomcat.util.threads.ThreadPoolExecutor$Worker.run(ThreadPoolExecutor.java:659)
	at org.apache.tomcat.util.threads.TaskThread$WrappingRunnable.run(TaskThread.java:61)
	at java.base/java.lang.Thread.run(Thread.java:840)
2026-09-08 18:55:51.209 [http-nio-8082-exec-3] INFO  c.j.f.b.context.filter.HeaderUserId2ContextFilter - ===== 删除 ThreadLocal， userId: 5
2026-09-08 18:56:02.926 [Thread-7] WARN  com.alibaba.nacos.common.notify.NotifyCenter - [NotifyCenter] Start destroying Publisher
2026-09-08 18:56:02.926 [Thread-10] WARN  c.alibaba.nacos.common.http.HttpClientBeanHolder - [HttpClientBeanHolder] Start destroying common HttpClient
2026-09-08 18:56:02.929 [Thread-7] WARN  com.alibaba.nacos.common.notify.NotifyCenter - [NotifyCenter] Destruction of the end
2026-09-08 18:56:02.933 [Thread-10] WARN  c.alibaba.nacos.common.http.HttpClientBeanHolder - [HttpClientBeanHolder] Destruction of the end
2026-09-08 18:56:03.030 [SpringApplicationShutdownHook] INFO  c.a.cloud.nacos.registry.NacosServiceRegistry - De-registering from Nacos Server now...
2026-09-08 18:56:03.031 [SpringApplicationShutdownHook] INFO  com.alibaba.nacos.client.naming - [DEREGISTER-SERVICE] xiaojiashu deregistering service xiaojiashu-user with instance: Instance{instanceId='null', ip='192.168.52.11', port=8082, weight=1.0, healthy=true, enabled=true, ephemeral=true, clusterName='DEFAULT', serviceName='null', metadata={}}
2026-09-08 18:56:03.039 [SpringApplicationShutdownHook] INFO  c.a.cloud.nacos.registry.NacosServiceRegistry - De-registration finished.
2026-09-08 18:56:03.039 [SpringApplicationShutdownHook] INFO  com.alibaba.nacos.client.naming - com.alibaba.nacos.client.naming.cache.ServiceInfoHolder do shutdown begin
2026-09-08 18:56:03.039 [SpringApplicationShutdownHook] INFO  com.alibaba.nacos.client.naming - com.alibaba.nacos.client.naming.backups.FailoverReactor do shutdown begin
2026-09-08 18:56:03.040 [SpringApplicationShutdownHook] INFO  com.alibaba.nacos.client.naming - com.alibaba.nacos.client.naming.backups.FailoverReactor do shutdown stop
2026-09-08 18:56:03.040 [SpringApplicationShutdownHook] INFO  com.alibaba.nacos.client.naming - com.alibaba.nacos.client.naming.cache.ServiceInfoHolder do shutdown stop
2026-09-08 18:56:03.040 [SpringApplicationShutdownHook] INFO  com.alibaba.nacos.client.naming - com.alibaba.nacos.client.naming.remote.NamingClientProxyDelegate do shutdown begin
2026-09-08 18:56:03.040 [SpringApplicationShutdownHook] INFO  com.alibaba.nacos.client.naming - com.alibaba.nacos.client.naming.core.ServiceInfoUpdateService do shutdown begin
2026-09-08 18:56:03.041 [SpringApplicationShutdownHook] INFO  com.alibaba.nacos.client.naming - com.alibaba.nacos.client.naming.core.ServiceInfoUpdateService do shutdown stop
2026-09-08 18:56:03.041 [SpringApplicationShutdownHook] INFO  com.alibaba.nacos.client.naming - com.alibaba.nacos.client.naming.core.ServerListManager do shutdown begin
2026-09-08 18:56:03.041 [SpringApplicationShutdownHook] WARN  com.alibaba.nacos.client.naming - [NamingHttpClientManager] Start destroying NacosRestTemplate
2026-09-08 18:56:03.041 [SpringApplicationShutdownHook] WARN  com.alibaba.nacos.client.naming - [NamingHttpClientManager] Destruction of the end
2026-09-08 18:56:03.041 [SpringApplicationShutdownHook] INFO  com.alibaba.nacos.client.naming - com.alibaba.nacos.client.naming.core.ServerListManager do shutdown stop
2026-09-08 18:56:03.041 [SpringApplicationShutdownHook] INFO  com.alibaba.nacos.client.naming - com.alibaba.nacos.client.naming.remote.http.NamingHttpClientProxy do shutdown begin
2026-09-08 18:56:03.041 [SpringApplicationShutdownHook] WARN  com.alibaba.nacos.client.naming - [NamingHttpClientManager] Start destroying NacosRestTemplate
2026-09-08 18:56:03.041 [SpringApplicationShutdownHook] WARN  com.alibaba.nacos.client.naming - [NamingHttpClientManager] Destruction of the end
2026-09-08 18:56:03.041 [SpringApplicationShutdownHook] INFO  com.alibaba.nacos.client.naming - com.alibaba.nacos.client.naming.remote.http.NamingHttpClientProxy do shutdown stop
2026-09-08 18:56:03.041 [SpringApplicationShutdownHook] INFO  com.alibaba.nacos.common.remote.client - Shutdown rpc client, set status to shutdown
2026-09-08 18:56:03.041 [SpringApplicationShutdownHook] INFO  com.alibaba.nacos.common.remote.client - Shutdown client event executor java.util.concurrent.ScheduledThreadPoolExecutor@59eb12a0[Running, pool size = 2, active threads = 2, queued tasks = 0, completed tasks = 0]
2026-09-08 18:56:03.041 [SpringApplicationShutdownHook] INFO  com.alibaba.nacos.common.remote.client - Close current connection 1788864529670_172.17.0.1_43922
2026-09-08 18:56:03.045 [nacos-grpc-client-executor-127.0.0.1-113] INFO  c.a.nacos.common.remote.client.grpc.GrpcClient - [1788864529670_172.17.0.1_43922]Ignore complete event,isRunning:false,isAbandon=false
2026-09-08 18:56:03.047 [SpringApplicationShutdownHook] INFO  c.a.nacos.common.remote.client.grpc.GrpcClient - Shutdown grpc executor java.util.concurrent.ThreadPoolExecutor@6ca93c5[Running, pool size = 4, active threads = 0, queued tasks = 0, completed tasks = 114]
2026-09-08 18:56:03.047 [SpringApplicationShutdownHook] INFO  com.alibaba.nacos.client.naming - Shutdown grpc redo service executor java.util.concurrent.ScheduledThreadPoolExecutor@59f3ed0d[Running, pool size = 1, active threads = 0, queued tasks = 1, completed tasks = 145]
2026-09-08 18:56:03.048 [SpringApplicationShutdownHook] INFO  c.a.n.client.auth.ram.identify.CredentialWatcher - [null] CredentialWatcher is stopped
2026-09-08 18:56:03.048 [SpringApplicationShutdownHook] INFO  c.a.n.client.auth.ram.identify.CredentialService - [null] CredentialService is freed
2026-09-08 18:56:03.048 [SpringApplicationShutdownHook] INFO  com.alibaba.nacos.client.naming - com.alibaba.nacos.client.naming.remote.NamingClientProxyDelegate do shutdown stop
2026-09-08 18:56:03.053 [SpringApplicationShutdownHook] INFO  com.alibaba.druid.pool.DruidDataSource - {dataSource-1} closing ...
2026-09-08 18:56:03.066 [SpringApplicationShutdownHook] INFO  com.alibaba.druid.pool.DruidDataSource - {dataSource-1} closed
2026-09-08 18:56:08.399 [main] WARN  com.alibaba.nacos.client.logging.NacosLogging - Load Logback Configuration of Nacos fail, message: Could not initialize Logback Nacos logging from classpath:nacos-logback.xml
2026-09-08 18:56:08.608 [main] WARN  com.alibaba.nacos.client.logging.NacosLogging - Load Logback Configuration of Nacos fail, message: Could not initialize Logback Nacos logging from classpath:nacos-logback.xml
2026-09-08 18:56:12.006 [main] WARN  com.alibaba.nacos.client.logging.NacosLogging - Load Logback Configuration of Nacos fail, message: Could not initialize Logback Nacos logging from classpath:nacos-logback.xml
2026-09-08 18:56:12.070 [main] WARN  com.alibaba.nacos.client.logging.NacosLogging - Load Logback Configuration of Nacos fail, message: Could not initialize Logback Nacos logging from classpath:nacos-logback.xml
2026-09-08 18:56:12.073 [main] INFO  c.j.x.user.biz.XiaojiashuUserBizApplication - The following 1 profile is active: "dev"
2026-09-08 18:56:14.643 [main] INFO  o.springframework.cloud.context.scope.GenericScope - BeanFactory id=72824444-30db-394e-847a-a04a378102a9
2026-09-08 18:56:14.694 [main] INFO  o.s.c.s.PostProcessorRegistrationDelegate$BeanPostProcessorChecker - Bean 'com.jiahuiling.xiaojiashu.oss.api.FileFeignApi' of type [org.springframework.cloud.openfeign.FeignClientFactoryBean] is not eligible for getting processed by all BeanPostProcessors (for example: not eligible for auto-proxying)
2026-09-08 18:56:16.027 [main] INFO  o.s.boot.web.embedded.tomcat.TomcatWebServer - Tomcat initialized with port(s): 8082 (http)
2026-09-08 18:56:16.054 [main] INFO  org.apache.catalina.core.StandardService - Starting service [Tomcat]
2026-09-08 18:56:16.055 [main] INFO  org.apache.catalina.core.StandardEngine - Starting Servlet engine: [Apache Tomcat/10.1.5]
2026-09-08 18:56:16.607 [main] INFO  o.a.c.core.ContainerBase.[Tomcat].[localhost].[/] - Initializing Spring embedded WebApplicationContext
2026-09-08 18:56:16.608 [main] INFO  o.s.b.w.s.c.ServletWebServerApplicationContext - Root WebApplicationContext: initialization completed in 4450 ms
2026-09-08 18:56:16.863 [main] INFO  c.a.d.s.b.a.DruidDataSourceAutoConfigure - Init DruidDataSource
2026-09-08 18:56:17.640 [main] INFO  com.alibaba.druid.pool.DruidDataSource - {dataSource-1} inited
2026-09-08 18:56:18.221 [main] INFO  o.s.cloud.openfeign.FeignClientFactoryBean - For 'xiaojiashu-oss' URL not provided. Will try picking an instance via load-balancing.
2026-09-08 18:56:21.406 [main] WARN  o.s.c.l.c.LoadBalancerCacheAutoConfiguration$LoadBalancerCaffeineWarnLogger - Spring Cloud LoadBalancer is currently working with the default cache. While this cache implementation is useful for development and tests, it's recommended to use Caffeine cache in production.You can switch to using Caffeine cache, by adding it and org.springframework.cache.caffeine.CaffeineCacheManager to the classpath.
2026-09-08 18:56:21.570 [main] INFO  o.s.boot.web.embedded.tomcat.TomcatWebServer - Tomcat started on port(s): 8082 (http) with context path ''
2026-09-08 18:56:21.590 [main] WARN  com.alibaba.nacos.client.logging.NacosLogging - Load Logback Configuration of Nacos fail, message: Could not initialize Logback Nacos logging from classpath:nacos-logback.xml
2026-09-08 18:56:21.591 [main] INFO  com.alibaba.nacos.client.naming - initializer namespace from ans.namespace attribute : null
2026-09-08 18:56:21.592 [main] INFO  com.alibaba.nacos.client.naming - initializer namespace from ALIBABA_ALIWARE_NAMESPACE attribute :null
2026-09-08 18:56:21.595 [main] INFO  com.alibaba.nacos.client.naming - initializer namespace from namespace attribute :null
2026-09-08 18:56:21.691 [main] INFO  com.alibaba.nacos.client.utils.ParamUtil - [settings] [req-serv] nacos-server port:8848
2026-09-08 18:56:21.692 [main] INFO  com.alibaba.nacos.client.utils.ParamUtil - [settings] [http-client] connect timeout:1000
2026-09-08 18:56:21.696 [main] INFO  com.alibaba.nacos.client.utils.ParamUtil - PER_TASK_CONFIG_SIZE: 3000.0
2026-09-08 18:56:21.713 [main] INFO  c.a.n.p.auth.spi.client.ClientAuthPluginManager - [ClientAuthPluginManager] Load ClientAuthService com.alibaba.nacos.client.auth.impl.NacosClientAuthServiceImpl success.
2026-09-08 18:56:21.713 [main] INFO  c.a.n.p.auth.spi.client.ClientAuthPluginManager - [ClientAuthPluginManager] Load ClientAuthService com.alibaba.nacos.client.auth.ram.RamClientAuthServiceImpl success.
2026-09-08 18:56:21.725 [main] INFO  c.a.n.client.auth.ram.identify.CredentialWatcher - null No credential found
2026-09-08 18:56:21.760 [main] INFO  com.alibaba.nacos.common.remote.client - [RpcClientFactory] create a new rpc client of 9f96ffb9-cf7a-48ce-862e-acf86fab9d50
2026-09-08 18:56:21.837 [main] INFO  com.alibaba.nacos.common.remote.client - [9f96ffb9-cf7a-48ce-862e-acf86fab9d50] RpcClient init, ServerListFactory = com.alibaba.nacos.client.naming.core.ServerListManager
2026-09-08 18:56:21.837 [main] INFO  com.alibaba.nacos.common.remote.client - [9f96ffb9-cf7a-48ce-862e-acf86fab9d50] Registry connection listener to current client:com.alibaba.nacos.client.naming.remote.gprc.redo.NamingGrpcRedoService
2026-09-08 18:56:21.838 [main] INFO  com.alibaba.nacos.common.remote.client - [9f96ffb9-cf7a-48ce-862e-acf86fab9d50] Register server push request handler:com.alibaba.nacos.client.naming.remote.gprc.NamingPushRequestHandler
2026-09-08 18:56:21.845 [main] INFO  com.alibaba.nacos.common.remote.client - [9f96ffb9-cf7a-48ce-862e-acf86fab9d50] Try to connect to server on start up, server: {serverIp = '127.0.0.1', server main port = 8848}
2026-09-08 18:56:22.057 [main] INFO  c.a.nacos.common.remote.client.grpc.GrpcClient - grpc client connection server:127.0.0.1 ip,serverPort:9848,grpcTslConfig:{"sslProvider":"OPENSSL","enableTls":false,"mutualAuthEnable":false,"trustAll":false}
2026-09-08 18:56:24.850 [com.alibaba.nacos.client.naming.grpc.redo.0] WARN  com.alibaba.nacos.client.naming - Grpc Connection is disconnect, skip current redo task
2026-09-08 18:56:24.867 [main] INFO  com.alibaba.nacos.common.remote.client - [9f96ffb9-cf7a-48ce-862e-acf86fab9d50] Success to connect to server [127.0.0.1:8848] on start up, connectionId = 1788864984555_172.17.0.1_60898
2026-09-08 18:56:24.868 [com.alibaba.nacos.client.remote.worker] INFO  com.alibaba.nacos.common.remote.client - [9f96ffb9-cf7a-48ce-862e-acf86fab9d50] Notify connected event to listeners.
2026-09-08 18:56:24.869 [com.alibaba.nacos.client.remote.worker] INFO  com.alibaba.nacos.client.naming - Grpc connection connect
2026-09-08 18:56:24.869 [main] INFO  com.alibaba.nacos.common.remote.client - [9f96ffb9-cf7a-48ce-862e-acf86fab9d50] Register server push request handler:com.alibaba.nacos.common.remote.client.RpcClient$ConnectResetRequestHandler
2026-09-08 18:56:24.870 [main] INFO  com.alibaba.nacos.common.remote.client - [9f96ffb9-cf7a-48ce-862e-acf86fab9d50] Register server push request handler:com.alibaba.nacos.common.remote.client.RpcClient$$Lambda$1103/0x00000205197f2bc8
2026-09-08 18:56:24.874 [main] INFO  com.alibaba.nacos.client.naming - [REGISTER-SERVICE] xiaojiashu registering service xiaojiashu-user with instance Instance{instanceId='null', ip='192.168.52.11', port=8082, weight=1.0, healthy=true, enabled=true, ephemeral=true, clusterName='DEFAULT', serviceName='null', metadata={IPv6=null, preserved.register.source=SPRING_CLOUD}}
2026-09-08 18:56:24.923 [main] INFO  c.a.cloud.nacos.registry.NacosServiceRegistry - nacos registry, DEFAULT_GROUP xiaojiashu-user 192.168.52.11:8082 register finished
2026-09-08 18:56:25.518 [main] INFO  c.j.x.user.biz.XiaojiashuUserBizApplication - Started XiaojiashuUserBizApplication in 19.718 seconds (process running for 21.554)
2026-09-08 18:57:21.186 [http-nio-8082-exec-1] INFO  o.a.c.core.ContainerBase.[Tomcat].[localhost].[/] - Initializing Spring DispatcherServlet 'dispatcherServlet'
2026-09-08 18:57:21.186 [http-nio-8082-exec-1] INFO  org.springframework.web.servlet.DispatcherServlet - Initializing Servlet 'dispatcherServlet'
2026-09-08 18:57:21.189 [http-nio-8082-exec-1] INFO  org.springframework.web.servlet.DispatcherServlet - Completed initialization in 3 ms
2026-09-08 18:57:21.218 [http-nio-8082-exec-1] INFO  c.j.f.b.context.filter.HeaderUserId2ContextFilter - ## HeaderUserId2ContextFilter, 用户 ID: 5
2026-09-08 18:57:21.235 [http-nio-8082-exec-1] INFO  c.j.f.b.context.filter.HeaderUserId2ContextFilter - ===== 设置 userId 到 ThreadLocal 中， 用户 ID: 5
2026-09-08 18:57:21.649 [http-nio-8082-exec-1] INFO  com.alibaba.nacos.client.naming - [SUBSCRIBE-SERVICE] service:xiaojiashu-oss, group:DEFAULT_GROUP, clusters: 
2026-09-08 18:57:21.685 [http-nio-8082-exec-1] INFO  com.alibaba.nacos.client.naming - init new ips(1) service: DEFAULT_GROUP@@xiaojiashu-oss -> [{"ip":"192.168.52.11","port":8081,"weight":1.0,"healthy":true,"enabled":true,"ephemeral":true,"clusterName":"DEFAULT","serviceName":"DEFAULT_GROUP@@xiaojiashu-oss","metadata":{"preserved.register.source":"SPRING_CLOUD"},"ipDeleteTimeout":30000,"instanceHeartBeatTimeOut":15000,"instanceHeartBeatInterval":5000}]
2026-09-08 18:57:21.696 [http-nio-8082-exec-1] INFO  com.alibaba.nacos.client.naming - current ips:(1) service: DEFAULT_GROUP@@xiaojiashu-oss -> [{"ip":"192.168.52.11","port":8081,"weight":1.0,"healthy":true,"enabled":true,"ephemeral":true,"clusterName":"DEFAULT","serviceName":"DEFAULT_GROUP@@xiaojiashu-oss","metadata":{"preserved.register.source":"SPRING_CLOUD"},"ipDeleteTimeout":30000,"instanceHeartBeatTimeOut":15000,"instanceHeartBeatInterval":5000}]
2026-09-08 18:57:22.076 [http-nio-8082-exec-1] DEBUG c.j.x.u.b.d.m.U.updateByPrimaryKeySelective - ==>  Preparing: update t_user SET xiaojiashu_id = ?, nickname = ?, birthday = ?, sex = ?, introduction = ?, update_time = ? where id = ?
2026-09-08 18:57:22.185 [nacos-grpc-client-executor-127.0.0.1-29] INFO  com.alibaba.nacos.common.remote.client - [9f96ffb9-cf7a-48ce-862e-acf86fab9d50] Receive server push request, request = NotifySubscriberRequest, requestId = 15
2026-09-08 18:57:22.186 [nacos-grpc-client-executor-127.0.0.1-29] INFO  com.alibaba.nacos.common.remote.client - [9f96ffb9-cf7a-48ce-862e-acf86fab9d50] Ack server push request, request = NotifySubscriberRequest, requestId = 15
2026-09-08 18:57:22.347 [http-nio-8082-exec-1] DEBUG c.j.x.u.b.d.m.U.updateByPrimaryKeySelective - ==> Parameters: jiahuiling(String), 小贾同学(String), 2004-09-15(LocalDate), 1(Integer), 程序员一枚(String), 2026-09-08T18:57:22.024780600(LocalDateTime), 5(Long)
2026-09-08 18:57:22.373 [http-nio-8082-exec-1] DEBUG c.j.x.u.b.d.m.U.updateByPrimaryKeySelective - <==    Updates: 1
2026-09-08 18:57:22.404 [http-nio-8082-exec-1] INFO  c.j.f.b.context.filter.HeaderUserId2ContextFilter - ===== 删除 ThreadLocal， userId: 5
2026-09-08 19:11:37.111 [Thread-7] WARN  com.alibaba.nacos.common.notify.NotifyCenter - [NotifyCenter] Start destroying Publisher
2026-09-08 19:11:37.112 [Thread-10] WARN  c.alibaba.nacos.common.http.HttpClientBeanHolder - [HttpClientBeanHolder] Start destroying common HttpClient
2026-09-08 19:11:37.120 [Thread-7] WARN  com.alibaba.nacos.common.notify.NotifyCenter - [NotifyCenter] Destruction of the end
2026-09-08 19:11:37.124 [Thread-10] WARN  c.alibaba.nacos.common.http.HttpClientBeanHolder - [HttpClientBeanHolder] Destruction of the end
2026-09-08 19:11:37.278 [SpringApplicationShutdownHook] INFO  c.a.cloud.nacos.registry.NacosServiceRegistry - De-registering from Nacos Server now...
2026-09-08 19:11:37.279 [SpringApplicationShutdownHook] INFO  com.alibaba.nacos.client.naming - [DEREGISTER-SERVICE] xiaojiashu deregistering service xiaojiashu-user with instance: Instance{instanceId='null', ip='192.168.52.11', port=8082, weight=1.0, healthy=true, enabled=true, ephemeral=true, clusterName='DEFAULT', serviceName='null', metadata={}}
2026-09-08 19:11:37.295 [SpringApplicationShutdownHook] INFO  c.a.cloud.nacos.registry.NacosServiceRegistry - De-registration finished.
2026-09-08 19:11:37.296 [SpringApplicationShutdownHook] INFO  com.alibaba.nacos.client.naming - com.alibaba.nacos.client.naming.cache.ServiceInfoHolder do shutdown begin
2026-09-08 19:11:37.297 [SpringApplicationShutdownHook] INFO  com.alibaba.nacos.client.naming - com.alibaba.nacos.client.naming.backups.FailoverReactor do shutdown begin
2026-09-08 19:11:37.297 [SpringApplicationShutdownHook] INFO  com.alibaba.nacos.client.naming - com.alibaba.nacos.client.naming.backups.FailoverReactor do shutdown stop
2026-09-08 19:11:37.297 [SpringApplicationShutdownHook] INFO  com.alibaba.nacos.client.naming - com.alibaba.nacos.client.naming.cache.ServiceInfoHolder do shutdown stop
2026-09-08 19:11:37.297 [SpringApplicationShutdownHook] INFO  com.alibaba.nacos.client.naming - com.alibaba.nacos.client.naming.remote.NamingClientProxyDelegate do shutdown begin
2026-09-08 19:11:37.298 [SpringApplicationShutdownHook] INFO  com.alibaba.nacos.client.naming - com.alibaba.nacos.client.naming.core.ServiceInfoUpdateService do shutdown begin
2026-09-08 19:11:37.298 [SpringApplicationShutdownHook] INFO  com.alibaba.nacos.client.naming - com.alibaba.nacos.client.naming.core.ServiceInfoUpdateService do shutdown stop
2026-09-08 19:11:37.298 [SpringApplicationShutdownHook] INFO  com.alibaba.nacos.client.naming - com.alibaba.nacos.client.naming.core.ServerListManager do shutdown begin
2026-09-08 19:11:37.298 [SpringApplicationShutdownHook] WARN  com.alibaba.nacos.client.naming - [NamingHttpClientManager] Start destroying NacosRestTemplate
2026-09-08 19:11:37.298 [SpringApplicationShutdownHook] WARN  com.alibaba.nacos.client.naming - [NamingHttpClientManager] Destruction of the end
2026-09-08 19:11:37.298 [SpringApplicationShutdownHook] INFO  com.alibaba.nacos.client.naming - com.alibaba.nacos.client.naming.core.ServerListManager do shutdown stop
2026-09-08 19:11:37.299 [SpringApplicationShutdownHook] INFO  com.alibaba.nacos.client.naming - com.alibaba.nacos.client.naming.remote.http.NamingHttpClientProxy do shutdown begin
2026-09-08 19:11:37.299 [SpringApplicationShutdownHook] WARN  com.alibaba.nacos.client.naming - [NamingHttpClientManager] Start destroying NacosRestTemplate
2026-09-08 19:11:37.300 [SpringApplicationShutdownHook] WARN  com.alibaba.nacos.client.naming - [NamingHttpClientManager] Destruction of the end
2026-09-08 19:11:37.300 [SpringApplicationShutdownHook] INFO  com.alibaba.nacos.client.naming - com.alibaba.nacos.client.naming.remote.http.NamingHttpClientProxy do shutdown stop
2026-09-08 19:11:37.300 [SpringApplicationShutdownHook] INFO  com.alibaba.nacos.common.remote.client - Shutdown rpc client, set status to shutdown
2026-09-08 19:11:37.300 [SpringApplicationShutdownHook] INFO  com.alibaba.nacos.common.remote.client - Shutdown client event executor java.util.concurrent.ScheduledThreadPoolExecutor@1e966c1d[Running, pool size = 2, active threads = 2, queued tasks = 0, completed tasks = 0]
2026-09-08 19:11:37.301 [SpringApplicationShutdownHook] INFO  com.alibaba.nacos.common.remote.client - Close current connection 1788864984555_172.17.0.1_60898
2026-09-08 19:11:37.309 [nacos-grpc-client-executor-127.0.0.1-218] INFO  c.a.nacos.common.remote.client.grpc.GrpcClient - [1788864984555_172.17.0.1_60898]Ignore complete event,isRunning:false,isAbandon=false
2026-09-08 19:11:37.320 [SpringApplicationShutdownHook] INFO  c.a.nacos.common.remote.client.grpc.GrpcClient - Shutdown grpc executor java.util.concurrent.ThreadPoolExecutor@6ba7c677[Running, pool size = 4, active threads = 0, queued tasks = 0, completed tasks = 219]
2026-09-08 19:11:37.320 [SpringApplicationShutdownHook] INFO  com.alibaba.nacos.client.naming - Shutdown grpc redo service executor java.util.concurrent.ScheduledThreadPoolExecutor@1a7f72f7[Running, pool size = 1, active threads = 0, queued tasks = 1, completed tasks = 303]
2026-09-08 19:11:37.320 [SpringApplicationShutdownHook] INFO  c.a.n.client.auth.ram.identify.CredentialWatcher - [null] CredentialWatcher is stopped
2026-09-08 19:11:37.321 [SpringApplicationShutdownHook] INFO  c.a.n.client.auth.ram.identify.CredentialService - [null] CredentialService is freed
2026-09-08 19:11:37.323 [SpringApplicationShutdownHook] INFO  com.alibaba.nacos.client.naming - com.alibaba.nacos.client.naming.remote.NamingClientProxyDelegate do shutdown stop
2026-09-08 19:11:37.339 [SpringApplicationShutdownHook] INFO  com.alibaba.druid.pool.DruidDataSource - {dataSource-1} closing ...
2026-09-08 19:11:37.348 [SpringApplicationShutdownHook] INFO  com.alibaba.druid.pool.DruidDataSource - {dataSource-1} closed
2026-09-08 19:11:47.572 [main] WARN  com.alibaba.nacos.client.logging.NacosLogging - Load Logback Configuration of Nacos fail, message: Could not initialize Logback Nacos logging from classpath:nacos-logback.xml
2026-09-08 19:11:47.727 [main] WARN  com.alibaba.nacos.client.logging.NacosLogging - Load Logback Configuration of Nacos fail, message: Could not initialize Logback Nacos logging from classpath:nacos-logback.xml
2026-09-08 19:11:50.604 [main] WARN  com.alibaba.nacos.client.logging.NacosLogging - Load Logback Configuration of Nacos fail, message: Could not initialize Logback Nacos logging from classpath:nacos-logback.xml
2026-09-08 19:11:50.661 [main] WARN  com.alibaba.nacos.client.logging.NacosLogging - Load Logback Configuration of Nacos fail, message: Could not initialize Logback Nacos logging from classpath:nacos-logback.xml
2026-09-08 19:11:50.663 [main] INFO  c.j.x.user.biz.XiaojiashuUserBizApplication - The following 1 profile is active: "dev"
2026-09-08 19:11:52.107 [main] INFO  o.springframework.cloud.context.scope.GenericScope - BeanFactory id=7e3d785c-1f77-350a-ae99-82df2e476f4b
2026-09-08 19:11:52.158 [main] INFO  o.s.c.s.PostProcessorRegistrationDelegate$BeanPostProcessorChecker - Bean 'com.jiahuiling.xiaojiashu.oss.api.FileFeignApi' of type [org.springframework.cloud.openfeign.FeignClientFactoryBean] is not eligible for getting processed by all BeanPostProcessors (for example: not eligible for auto-proxying)
2026-09-08 19:11:53.076 [main] INFO  o.s.boot.web.embedded.tomcat.TomcatWebServer - Tomcat initialized with port(s): 8082 (http)
2026-09-08 19:11:53.095 [main] INFO  org.apache.catalina.core.StandardService - Starting service [Tomcat]
2026-09-08 19:11:53.096 [main] INFO  org.apache.catalina.core.StandardEngine - Starting Servlet engine: [Apache Tomcat/10.1.5]
2026-09-08 19:11:53.345 [main] INFO  o.a.c.core.ContainerBase.[Tomcat].[localhost].[/] - Initializing Spring embedded WebApplicationContext
2026-09-08 19:11:53.346 [main] INFO  o.s.b.w.s.c.ServletWebServerApplicationContext - Root WebApplicationContext: initialization completed in 2613 ms
2026-09-08 19:11:53.532 [main] INFO  c.a.d.s.b.a.DruidDataSourceAutoConfigure - Init DruidDataSource
2026-09-08 19:11:54.012 [main] INFO  com.alibaba.druid.pool.DruidDataSource - {dataSource-1} inited
2026-09-08 19:11:54.415 [main] INFO  o.s.cloud.openfeign.FeignClientFactoryBean - For 'xiaojiashu-oss' URL not provided. Will try picking an instance via load-balancing.
2026-09-08 19:11:56.283 [main] WARN  o.s.c.l.c.LoadBalancerCacheAutoConfiguration$LoadBalancerCaffeineWarnLogger - Spring Cloud LoadBalancer is currently working with the default cache. While this cache implementation is useful for development and tests, it's recommended to use Caffeine cache in production.You can switch to using Caffeine cache, by adding it and org.springframework.cache.caffeine.CaffeineCacheManager to the classpath.
2026-09-08 19:11:56.386 [main] INFO  o.s.boot.web.embedded.tomcat.TomcatWebServer - Tomcat started on port(s): 8082 (http) with context path ''
2026-09-08 19:11:56.395 [main] WARN  com.alibaba.nacos.client.logging.NacosLogging - Load Logback Configuration of Nacos fail, message: Could not initialize Logback Nacos logging from classpath:nacos-logback.xml
2026-09-08 19:11:56.395 [main] INFO  com.alibaba.nacos.client.naming - initializer namespace from ans.namespace attribute : null
2026-09-08 19:11:56.396 [main] INFO  com.alibaba.nacos.client.naming - initializer namespace from ALIBABA_ALIWARE_NAMESPACE attribute :null
2026-09-08 19:11:56.397 [main] INFO  com.alibaba.nacos.client.naming - initializer namespace from namespace attribute :null
2026-09-08 19:11:56.429 [main] INFO  com.alibaba.nacos.client.utils.ParamUtil - [settings] [req-serv] nacos-server port:8848
2026-09-08 19:11:56.429 [main] INFO  com.alibaba.nacos.client.utils.ParamUtil - [settings] [http-client] connect timeout:1000
2026-09-08 19:11:56.430 [main] INFO  com.alibaba.nacos.client.utils.ParamUtil - PER_TASK_CONFIG_SIZE: 3000.0
2026-09-08 19:11:56.436 [main] INFO  c.a.n.p.auth.spi.client.ClientAuthPluginManager - [ClientAuthPluginManager] Load ClientAuthService com.alibaba.nacos.client.auth.impl.NacosClientAuthServiceImpl success.
2026-09-08 19:11:56.436 [main] INFO  c.a.n.p.auth.spi.client.ClientAuthPluginManager - [ClientAuthPluginManager] Load ClientAuthService com.alibaba.nacos.client.auth.ram.RamClientAuthServiceImpl success.
2026-09-08 19:11:56.441 [main] INFO  c.a.n.client.auth.ram.identify.CredentialWatcher - null No credential found
2026-09-08 19:11:56.452 [main] INFO  com.alibaba.nacos.common.remote.client - [RpcClientFactory] create a new rpc client of 1e78e1a4-60f3-4bb8-b570-ebcf29f71013
2026-09-08 19:11:56.478 [main] INFO  com.alibaba.nacos.common.remote.client - [1e78e1a4-60f3-4bb8-b570-ebcf29f71013] RpcClient init, ServerListFactory = com.alibaba.nacos.client.naming.core.ServerListManager
2026-09-08 19:11:56.478 [main] INFO  com.alibaba.nacos.common.remote.client - [1e78e1a4-60f3-4bb8-b570-ebcf29f71013] Registry connection listener to current client:com.alibaba.nacos.client.naming.remote.gprc.redo.NamingGrpcRedoService
2026-09-08 19:11:56.479 [main] INFO  com.alibaba.nacos.common.remote.client - [1e78e1a4-60f3-4bb8-b570-ebcf29f71013] Register server push request handler:com.alibaba.nacos.client.naming.remote.gprc.NamingPushRequestHandler
2026-09-08 19:11:56.483 [main] INFO  com.alibaba.nacos.common.remote.client - [1e78e1a4-60f3-4bb8-b570-ebcf29f71013] Try to connect to server on start up, server: {serverIp = '127.0.0.1', server main port = 8848}
2026-09-08 19:11:56.603 [main] INFO  c.a.nacos.common.remote.client.grpc.GrpcClient - grpc client connection server:127.0.0.1 ip,serverPort:9848,grpcTslConfig:{"sslProvider":"OPENSSL","enableTls":false,"mutualAuthEnable":false,"trustAll":false}
2026-09-08 19:11:58.328 [main] INFO  com.alibaba.nacos.common.remote.client - [1e78e1a4-60f3-4bb8-b570-ebcf29f71013] Success to connect to server [127.0.0.1:8848] on start up, connectionId = 1788865918085_172.17.0.1_57242
2026-09-08 19:11:58.330 [com.alibaba.nacos.client.remote.worker] INFO  com.alibaba.nacos.common.remote.client - [1e78e1a4-60f3-4bb8-b570-ebcf29f71013] Notify connected event to listeners.
2026-09-08 19:11:58.330 [com.alibaba.nacos.client.remote.worker] INFO  com.alibaba.nacos.client.naming - Grpc connection connect
2026-09-08 19:11:58.330 [main] INFO  com.alibaba.nacos.common.remote.client - [1e78e1a4-60f3-4bb8-b570-ebcf29f71013] Register server push request handler:com.alibaba.nacos.common.remote.client.RpcClient$ConnectResetRequestHandler
2026-09-08 19:11:58.331 [main] INFO  com.alibaba.nacos.common.remote.client - [1e78e1a4-60f3-4bb8-b570-ebcf29f71013] Register server push request handler:com.alibaba.nacos.common.remote.client.RpcClient$$Lambda$1107/0x00000213017f5180
2026-09-08 19:11:58.334 [main] INFO  com.alibaba.nacos.client.naming - [REGISTER-SERVICE] xiaojiashu registering service xiaojiashu-user with instance Instance{instanceId='null', ip='192.168.52.11', port=8082, weight=1.0, healthy=true, enabled=true, ephemeral=true, clusterName='DEFAULT', serviceName='null', metadata={IPv6=null, preserved.register.source=SPRING_CLOUD}}
2026-09-08 19:11:58.359 [main] INFO  c.a.cloud.nacos.registry.NacosServiceRegistry - nacos registry, DEFAULT_GROUP xiaojiashu-user 192.168.52.11:8082 register finished
2026-09-08 19:11:58.760 [main] INFO  c.j.x.user.biz.XiaojiashuUserBizApplication - Started XiaojiashuUserBizApplication in 13.76 seconds (process running for 15.551)
2026-09-08 21:01:24.672 [Thread-7] WARN  com.alibaba.nacos.common.notify.NotifyCenter - [NotifyCenter] Start destroying Publisher
2026-09-08 21:01:24.672 [Thread-10] WARN  c.alibaba.nacos.common.http.HttpClientBeanHolder - [HttpClientBeanHolder] Start destroying common HttpClient
2026-09-08 21:01:24.687 [Thread-7] WARN  com.alibaba.nacos.common.notify.NotifyCenter - [NotifyCenter] Destruction of the end
2026-09-08 21:01:24.699 [Thread-10] WARN  c.alibaba.nacos.common.http.HttpClientBeanHolder - [HttpClientBeanHolder] Destruction of the end
2026-09-08 21:01:25.430 [SpringApplicationShutdownHook] INFO  c.a.cloud.nacos.registry.NacosServiceRegistry - De-registering from Nacos Server now...
2026-09-08 21:01:25.432 [SpringApplicationShutdownHook] INFO  com.alibaba.nacos.client.naming - [DEREGISTER-SERVICE] xiaojiashu deregistering service xiaojiashu-user with instance: Instance{instanceId='null', ip='192.168.52.11', port=8082, weight=1.0, healthy=true, enabled=true, ephemeral=true, clusterName='DEFAULT', serviceName='null', metadata={}}
2026-09-08 21:01:25.458 [SpringApplicationShutdownHook] INFO  c.a.cloud.nacos.registry.NacosServiceRegistry - De-registration finished.
2026-09-08 21:01:25.461 [SpringApplicationShutdownHook] INFO  com.alibaba.nacos.client.naming - com.alibaba.nacos.client.naming.cache.ServiceInfoHolder do shutdown begin
2026-09-08 21:01:25.462 [SpringApplicationShutdownHook] INFO  com.alibaba.nacos.client.naming - com.alibaba.nacos.client.naming.backups.FailoverReactor do shutdown begin
2026-09-08 21:01:25.463 [SpringApplicationShutdownHook] INFO  com.alibaba.nacos.client.naming - com.alibaba.nacos.client.naming.backups.FailoverReactor do shutdown stop
2026-09-08 21:01:25.464 [SpringApplicationShutdownHook] INFO  com.alibaba.nacos.client.naming - com.alibaba.nacos.client.naming.cache.ServiceInfoHolder do shutdown stop
2026-09-08 21:01:25.464 [SpringApplicationShutdownHook] INFO  com.alibaba.nacos.client.naming - com.alibaba.nacos.client.naming.remote.NamingClientProxyDelegate do shutdown begin
2026-09-08 21:01:25.465 [SpringApplicationShutdownHook] INFO  com.alibaba.nacos.client.naming - com.alibaba.nacos.client.naming.core.ServiceInfoUpdateService do shutdown begin
2026-09-08 21:01:25.465 [SpringApplicationShutdownHook] INFO  com.alibaba.nacos.client.naming - com.alibaba.nacos.client.naming.core.ServiceInfoUpdateService do shutdown stop
2026-09-08 21:01:25.465 [SpringApplicationShutdownHook] INFO  com.alibaba.nacos.client.naming - com.alibaba.nacos.client.naming.core.ServerListManager do shutdown begin
2026-09-08 21:01:25.466 [SpringApplicationShutdownHook] WARN  com.alibaba.nacos.client.naming - [NamingHttpClientManager] Start destroying NacosRestTemplate
2026-09-08 21:01:25.467 [SpringApplicationShutdownHook] WARN  com.alibaba.nacos.client.naming - [NamingHttpClientManager] Destruction of the end
2026-09-08 21:01:25.467 [SpringApplicationShutdownHook] INFO  com.alibaba.nacos.client.naming - com.alibaba.nacos.client.naming.core.ServerListManager do shutdown stop
2026-09-08 21:01:25.467 [SpringApplicationShutdownHook] INFO  com.alibaba.nacos.client.naming - com.alibaba.nacos.client.naming.remote.http.NamingHttpClientProxy do shutdown begin
2026-09-08 21:01:25.468 [SpringApplicationShutdownHook] WARN  com.alibaba.nacos.client.naming - [NamingHttpClientManager] Start destroying NacosRestTemplate
2026-09-08 21:01:25.468 [SpringApplicationShutdownHook] WARN  com.alibaba.nacos.client.naming - [NamingHttpClientManager] Destruction of the end
2026-09-08 21:01:25.468 [SpringApplicationShutdownHook] INFO  com.alibaba.nacos.client.naming - com.alibaba.nacos.client.naming.remote.http.NamingHttpClientProxy do shutdown stop
2026-09-08 21:01:25.469 [SpringApplicationShutdownHook] INFO  com.alibaba.nacos.common.remote.client - Shutdown rpc client, set status to shutdown
2026-09-08 21:01:25.470 [SpringApplicationShutdownHook] INFO  com.alibaba.nacos.common.remote.client - Shutdown client event executor java.util.concurrent.ScheduledThreadPoolExecutor@461cd286[Running, pool size = 2, active threads = 2, queued tasks = 0, completed tasks = 0]
2026-09-08 21:01:25.470 [SpringApplicationShutdownHook] INFO  com.alibaba.nacos.common.remote.client - Close current connection 1788865918085_172.17.0.1_57242
2026-09-08 21:01:25.491 [nacos-grpc-client-executor-127.0.0.1-1367] INFO  c.a.nacos.common.remote.client.grpc.GrpcClient - [1788865918085_172.17.0.1_57242]Ignore complete event,isRunning:false,isAbandon=false
2026-09-08 21:01:25.500 [SpringApplicationShutdownHook] INFO  c.a.nacos.common.remote.client.grpc.GrpcClient - Shutdown grpc executor java.util.concurrent.ThreadPoolExecutor@601a1f78[Running, pool size = 4, active threads = 0, queued tasks = 0, completed tasks = 1368]
2026-09-08 21:01:25.500 [SpringApplicationShutdownHook] INFO  com.alibaba.nacos.client.naming - Shutdown grpc redo service executor java.util.concurrent.ScheduledThreadPoolExecutor@25e3faa4[Running, pool size = 1, active threads = 0, queued tasks = 1, completed tasks = 2183]
2026-09-08 21:01:25.501 [SpringApplicationShutdownHook] INFO  c.a.n.client.auth.ram.identify.CredentialWatcher - [null] CredentialWatcher is stopped
2026-09-08 21:01:25.501 [SpringApplicationShutdownHook] INFO  c.a.n.client.auth.ram.identify.CredentialService - [null] CredentialService is freed
2026-09-08 21:01:25.502 [SpringApplicationShutdownHook] INFO  com.alibaba.nacos.client.naming - com.alibaba.nacos.client.naming.remote.NamingClientProxyDelegate do shutdown stop
2026-09-08 21:01:25.531 [SpringApplicationShutdownHook] INFO  com.alibaba.druid.pool.DruidDataSource - {dataSource-1} closing ...
2026-09-08 21:01:25.538 [SpringApplicationShutdownHook] INFO  com.alibaba.druid.pool.DruidDataSource - {dataSource-1} closed
2026-09-08 21:02:23.368 [main] WARN  com.alibaba.nacos.client.logging.NacosLogging - Load Logback Configuration of Nacos fail, message: Could not initialize Logback Nacos logging from classpath:nacos-logback.xml
2026-09-08 21:02:23.665 [main] WARN  com.alibaba.nacos.client.logging.NacosLogging - Load Logback Configuration of Nacos fail, message: Could not initialize Logback Nacos logging from classpath:nacos-logback.xml
2026-09-08 21:02:40.612 [main] WARN  com.alibaba.nacos.client.logging.NacosLogging - Load Logback Configuration of Nacos fail, message: Could not initialize Logback Nacos logging from classpath:nacos-logback.xml
2026-09-08 21:02:41.295 [main] WARN  com.alibaba.nacos.client.logging.NacosLogging - Load Logback Configuration of Nacos fail, message: Could not initialize Logback Nacos logging from classpath:nacos-logback.xml
2026-09-08 21:02:41.389 [main] INFO  c.j.x.user.biz.XiaojiashuUserBizApplication - The following 1 profile is active: "dev"
2026-09-08 21:03:01.291 [main] INFO  o.s.d.r.config.RepositoryConfigurationDelegate - Multiple Spring Data modules found, entering strict repository configuration mode
2026-09-08 21:03:01.325 [main] INFO  o.s.d.r.config.RepositoryConfigurationDelegate - Bootstrapping Spring Data Redis repositories in DEFAULT mode.
2026-09-08 21:03:01.526 [main] INFO  o.s.d.r.config.RepositoryConfigurationDelegate - Finished Spring Data repository scanning in 70 ms. Found 0 Redis repository interfaces.
2026-09-08 21:03:07.441 [main] INFO  o.springframework.cloud.context.scope.GenericScope - BeanFactory id=026ab911-f826-32b1-bdec-0f4ec27ad746
2026-09-08 21:03:08.142 [main] INFO  o.s.c.s.PostProcessorRegistrationDelegate$BeanPostProcessorChecker - Bean 'com.jiahuiling.xiaojiashu.oss.api.FileFeignApi' of type [org.springframework.cloud.openfeign.FeignClientFactoryBean] is not eligible for getting processed by all BeanPostProcessors (for example: not eligible for auto-proxying)
2026-09-08 21:03:08.154 [main] INFO  o.s.c.s.PostProcessorRegistrationDelegate$BeanPostProcessorChecker - Bean 'com.jiahuiling.xiaojiashu.user.api.UserFeignApi' of type [org.springframework.cloud.openfeign.FeignClientFactoryBean] is not eligible for getting processed by all BeanPostProcessors (for example: not eligible for auto-proxying)
2026-09-08 21:03:12.656 [main] INFO  o.s.boot.web.embedded.tomcat.TomcatWebServer - Tomcat initialized with port(s): 8082 (http)
2026-09-08 21:03:12.699 [main] INFO  org.apache.catalina.core.StandardService - Starting service [Tomcat]
2026-09-08 21:03:12.700 [main] INFO  org.apache.catalina.core.StandardEngine - Starting Servlet engine: [Apache Tomcat/10.1.5]
2026-09-08 21:03:13.306 [main] INFO  o.a.c.core.ContainerBase.[Tomcat].[localhost].[/] - Initializing Spring embedded WebApplicationContext
2026-09-08 21:03:13.311 [main] INFO  o.s.b.w.s.c.ServletWebServerApplicationContext - Root WebApplicationContext: initialization completed in 31178 ms
2026-09-08 21:03:13.866 [main] INFO  c.a.d.s.b.a.DruidDataSourceAutoConfigure - Init DruidDataSource
2026-09-08 21:03:15.110 [main] INFO  com.alibaba.druid.pool.DruidDataSource - {dataSource-1} inited
2026-09-08 21:03:16.731 [main] INFO  o.s.cloud.openfeign.FeignClientFactoryBean - For 'xiaojiashu-oss' URL not provided. Will try picking an instance via load-balancing.
2026-09-08 21:03:28.659 [main] WARN  o.s.c.l.c.LoadBalancerCacheAutoConfiguration$LoadBalancerCaffeineWarnLogger - Spring Cloud LoadBalancer is currently working with the default cache. While this cache implementation is useful for development and tests, it's recommended to use Caffeine cache in production.You can switch to using Caffeine cache, by adding it and org.springframework.cache.caffeine.CaffeineCacheManager to the classpath.
2026-09-08 21:03:29.214 [main] INFO  o.s.boot.web.embedded.tomcat.TomcatWebServer - Tomcat started on port(s): 8082 (http) with context path ''
2026-09-08 21:03:29.249 [main] WARN  com.alibaba.nacos.client.logging.NacosLogging - Load Logback Configuration of Nacos fail, message: Could not initialize Logback Nacos logging from classpath:nacos-logback.xml
2026-09-08 21:03:29.250 [main] INFO  com.alibaba.nacos.client.naming - initializer namespace from ans.namespace attribute : null
2026-09-08 21:03:29.254 [main] INFO  com.alibaba.nacos.client.naming - initializer namespace from ALIBABA_ALIWARE_NAMESPACE attribute :null
2026-09-08 21:03:29.256 [main] INFO  com.alibaba.nacos.client.naming - initializer namespace from namespace attribute :null
2026-09-08 21:03:29.401 [main] INFO  com.alibaba.nacos.client.utils.ParamUtil - [settings] [req-serv] nacos-server port:8848
2026-09-08 21:03:29.402 [main] INFO  com.alibaba.nacos.client.utils.ParamUtil - [settings] [http-client] connect timeout:1000
2026-09-08 21:03:29.408 [main] INFO  com.alibaba.nacos.client.utils.ParamUtil - PER_TASK_CONFIG_SIZE: 3000.0
2026-09-08 21:03:29.435 [main] INFO  c.a.n.p.auth.spi.client.ClientAuthPluginManager - [ClientAuthPluginManager] Load ClientAuthService com.alibaba.nacos.client.auth.impl.NacosClientAuthServiceImpl success.
2026-09-08 21:03:29.436 [main] INFO  c.a.n.p.auth.spi.client.ClientAuthPluginManager - [ClientAuthPluginManager] Load ClientAuthService com.alibaba.nacos.client.auth.ram.RamClientAuthServiceImpl success.
2026-09-08 21:03:29.480 [main] INFO  c.a.n.client.auth.ram.identify.CredentialWatcher - null No credential found
2026-09-08 21:03:29.547 [main] INFO  com.alibaba.nacos.common.remote.client - [RpcClientFactory] create a new rpc client of 396a8751-5b31-436e-8e44-f6ce1eab7ef2
2026-09-08 21:03:29.723 [main] INFO  com.alibaba.nacos.common.remote.client - [396a8751-5b31-436e-8e44-f6ce1eab7ef2] RpcClient init, ServerListFactory = com.alibaba.nacos.client.naming.core.ServerListManager
2026-09-08 21:03:29.724 [main] INFO  com.alibaba.nacos.common.remote.client - [396a8751-5b31-436e-8e44-f6ce1eab7ef2] Registry connection listener to current client:com.alibaba.nacos.client.naming.remote.gprc.redo.NamingGrpcRedoService
2026-09-08 21:03:29.727 [main] INFO  com.alibaba.nacos.common.remote.client - [396a8751-5b31-436e-8e44-f6ce1eab7ef2] Register server push request handler:com.alibaba.nacos.client.naming.remote.gprc.NamingPushRequestHandler
2026-09-08 21:03:29.736 [main] INFO  com.alibaba.nacos.common.remote.client - [396a8751-5b31-436e-8e44-f6ce1eab7ef2] Try to connect to server on start up, server: {serverIp = '127.0.0.1', server main port = 8848}
2026-09-08 21:03:30.111 [main] INFO  c.a.nacos.common.remote.client.grpc.GrpcClient - grpc client connection server:127.0.0.1 ip,serverPort:9848,grpcTslConfig:{"sslProvider":"OPENSSL","enableTls":false,"mutualAuthEnable":false,"trustAll":false}
2026-09-08 21:03:32.734 [com.alibaba.nacos.client.naming.grpc.redo.0] WARN  com.alibaba.nacos.client.naming - Grpc Connection is disconnect, skip current redo task
2026-09-08 21:03:35.738 [com.alibaba.nacos.client.naming.grpc.redo.0] WARN  com.alibaba.nacos.client.naming - Grpc Connection is disconnect, skip current redo task
2026-09-08 21:03:36.633 [main] INFO  com.alibaba.nacos.common.remote.client - [396a8751-5b31-436e-8e44-f6ce1eab7ef2] Success to connect to server [127.0.0.1:8848] on start up, connectionId = 1788872616005_172.17.0.1_35838
2026-09-08 21:03:36.635 [com.alibaba.nacos.client.remote.worker] INFO  com.alibaba.nacos.common.remote.client - [396a8751-5b31-436e-8e44-f6ce1eab7ef2] Notify connected event to listeners.
2026-09-08 21:03:36.635 [com.alibaba.nacos.client.remote.worker] INFO  com.alibaba.nacos.client.naming - Grpc connection connect
2026-09-08 21:03:36.637 [main] INFO  com.alibaba.nacos.common.remote.client - [396a8751-5b31-436e-8e44-f6ce1eab7ef2] Register server push request handler:com.alibaba.nacos.common.remote.client.RpcClient$ConnectResetRequestHandler
2026-09-08 21:03:36.638 [main] INFO  com.alibaba.nacos.common.remote.client - [396a8751-5b31-436e-8e44-f6ce1eab7ef2] Register server push request handler:com.alibaba.nacos.common.remote.client.RpcClient$$Lambda$1256/0x00000294018e0440
2026-09-08 21:03:36.643 [main] INFO  com.alibaba.nacos.client.naming - [REGISTER-SERVICE] xiaojiashu registering service xiaojiashu-user with instance Instance{instanceId='null', ip='192.168.52.11', port=8082, weight=1.0, healthy=true, enabled=true, ephemeral=true, clusterName='DEFAULT', serviceName='null', metadata={IPv6=null, preserved.register.source=SPRING_CLOUD}}
2026-09-08 21:03:36.699 [main] INFO  c.a.cloud.nacos.registry.NacosServiceRegistry - nacos registry, DEFAULT_GROUP xiaojiashu-user 192.168.52.11:8082 register finished
2026-09-08 21:03:43.084 [main] INFO  c.j.x.user.biz.XiaojiashuUserBizApplication - Started XiaojiashuUserBizApplication in 83.889 seconds (process running for 86.285)
2026-09-08 21:03:43.089 [main] INFO  c.j.x.u.biz.runner.PushRolePermissions2RedisRunner - ==> 服务启动，开始同步角色权限数据到 Redis 中...
2026-09-08 21:03:54.665 [main] ERROR c.j.x.u.biz.runner.PushRolePermissions2RedisRunner - ==> 同步角色权限数据到 Redis 中失败: 
org.springframework.data.redis.RedisConnectionFailureException: Unable to connect to Redis
	at org.springframework.data.redis.connection.lettuce.LettuceConnectionFactory$ExceptionTranslatingConnectionProvider.translateException(LettuceConnectionFactory.java:1602)
	at org.springframework.data.redis.connection.lettuce.LettuceConnectionFactory$ExceptionTranslatingConnectionProvider.getConnection(LettuceConnectionFactory.java:1533)
	at org.springframework.data.redis.connection.lettuce.LettuceConnectionFactory$SharedConnection.getNativeConnection(LettuceConnectionFactory.java:1358)
	at org.springframework.data.redis.connection.lettuce.LettuceConnectionFactory$SharedConnection.getConnection(LettuceConnectionFactory.java:1341)
	at org.springframework.data.redis.connection.lettuce.LettuceConnectionFactory.getSharedConnection(LettuceConnectionFactory.java:1059)
	at org.springframework.data.redis.connection.lettuce.LettuceConnectionFactory.getConnection(LettuceConnectionFactory.java:398)
	at org.springframework.data.redis.core.RedisConnectionUtils.fetchConnection(RedisConnectionUtils.java:193)
	at org.springframework.data.redis.core.RedisConnectionUtils.doGetConnection(RedisConnectionUtils.java:144)
	at org.springframework.data.redis.core.RedisConnectionUtils.getConnection(RedisConnectionUtils.java:105)
	at org.springframework.data.redis.core.RedisTemplate.execute(RedisTemplate.java:393)
	at org.springframework.data.redis.core.RedisTemplate.execute(RedisTemplate.java:373)
	at org.springframework.data.redis.core.AbstractOperations.execute(AbstractOperations.java:97)
	at org.springframework.data.redis.core.DefaultValueOperations.setIfAbsent(DefaultValueOperations.java:299)
	at com.jiahuiling.xiaojiashu.user.biz.runner.PushRolePermissions2RedisRunner.run(PushRolePermissions2RedisRunner.java:53)
	at org.springframework.boot.SpringApplication.callRunner(SpringApplication.java:758)
	at org.springframework.boot.SpringApplication.callRunners(SpringApplication.java:748)
	at org.springframework.boot.SpringApplication.run(SpringApplication.java:315)
	at org.springframework.boot.SpringApplication.run(SpringApplication.java:1302)
	at org.springframework.boot.SpringApplication.run(SpringApplication.java:1291)
	at com.jiahuiling.xiaojiashu.user.biz.XiaojiashuUserBizApplication.main(XiaojiashuUserBizApplication.java:15)
Caused by: org.springframework.data.redis.connection.PoolException: Could not get a resource from the pool
	at org.springframework.data.redis.connection.lettuce.LettucePoolingConnectionProvider.getConnection(LettucePoolingConnectionProvider.java:105)
	at org.springframework.data.redis.connection.lettuce.LettuceConnectionFactory$ExceptionTranslatingConnectionProvider.getConnection(LettuceConnectionFactory.java:1531)
	... 18 common frames omitted
Caused by: io.lettuce.core.RedisConnectionException: Unable to connect to localhost/<unresolved>:6379
	at io.lettuce.core.RedisConnectionException.create(RedisConnectionException.java:78)
	at io.lettuce.core.RedisConnectionException.create(RedisConnectionException.java:56)
	at io.lettuce.core.AbstractRedisClient.getConnection(AbstractRedisClient.java:350)
	at io.lettuce.core.RedisClient.connect(RedisClient.java:216)
	at org.springframework.data.redis.connection.lettuce.StandaloneConnectionProvider.lambda$getConnection$1(StandaloneConnectionProvider.java:111)
	at java.base/java.util.Optional.orElseGet(Optional.java:364)
	at org.springframework.data.redis.connection.lettuce.StandaloneConnectionProvider.getConnection(StandaloneConnectionProvider.java:111)
	at org.springframework.data.redis.connection.lettuce.LettucePoolingConnectionProvider.lambda$getConnection$0(LettucePoolingConnectionProvider.java:93)
	at io.lettuce.core.support.ConnectionPoolSupport$RedisPooledObjectFactory.create(ConnectionPoolSupport.java:211)
	at io.lettuce.core.support.ConnectionPoolSupport$RedisPooledObjectFactory.create(ConnectionPoolSupport.java:201)
	at org.apache.commons.pool2.BasePooledObjectFactory.makeObject(BasePooledObjectFactory.java:70)
	at org.apache.commons.pool2.impl.GenericObjectPool.create(GenericObjectPool.java:571)
	at org.apache.commons.pool2.impl.GenericObjectPool.borrowObject(GenericObjectPool.java:298)
	at org.apache.commons.pool2.impl.GenericObjectPool.borrowObject(GenericObjectPool.java:223)
	at io.lettuce.core.support.ConnectionPoolSupport$1.borrowObject(ConnectionPoolSupport.java:122)
	at io.lettuce.core.support.ConnectionPoolSupport$1.borrowObject(ConnectionPoolSupport.java:117)
	at org.springframework.data.redis.connection.lettuce.LettucePoolingConnectionProvider.getConnection(LettucePoolingConnectionProvider.java:99)
	... 19 common frames omitted
Caused by: io.lettuce.core.RedisCommandExecutionException: NOAUTH HELLO must be called with the client already authenticated, otherwise the HELLO <proto> AUTH <user> <pass> option can be used to authenticate the client and select the RESP protocol version at the same time
	at io.lettuce.core.internal.ExceptionFactory.createExecutionException(ExceptionFactory.java:147)
	at io.lettuce.core.internal.ExceptionFactory.createExecutionException(ExceptionFactory.java:116)
	at io.lettuce.core.protocol.AsyncCommand.completeResult(AsyncCommand.java:120)
	at io.lettuce.core.protocol.AsyncCommand.complete(AsyncCommand.java:111)
	at io.lettuce.core.protocol.CommandHandler.complete(CommandHandler.java:747)
	at io.lettuce.core.protocol.CommandHandler.decode(CommandHandler.java:682)
	at io.lettuce.core.protocol.CommandHandler.channelRead(CommandHandler.java:599)
	at io.netty.channel.AbstractChannelHandlerContext.invokeChannelRead(AbstractChannelHandlerContext.java:442)
	at io.netty.channel.AbstractChannelHandlerContext.invokeChannelRead(AbstractChannelHandlerContext.java:420)
	at io.netty.channel.AbstractChannelHandlerContext.fireChannelRead(AbstractChannelHandlerContext.java:412)
	at io.netty.channel.DefaultChannelPipeline$HeadContext.channelRead(DefaultChannelPipeline.java:1410)
	at io.netty.channel.AbstractChannelHandlerContext.invokeChannelRead(AbstractChannelHandlerContext.java:440)
	at io.netty.channel.AbstractChannelHandlerContext.invokeChannelRead(AbstractChannelHandlerContext.java:420)
	at io.netty.channel.DefaultChannelPipeline.fireChannelRead(DefaultChannelPipeline.java:919)
	at io.netty.channel.nio.AbstractNioByteChannel$NioByteUnsafe.read(AbstractNioByteChannel.java:166)
	at io.netty.channel.nio.NioEventLoop.processSelectedKey(NioEventLoop.java:788)
	at io.netty.channel.nio.NioEventLoop.processSelectedKeysOptimized(NioEventLoop.java:724)
	at io.netty.channel.nio.NioEventLoop.processSelectedKeys(NioEventLoop.java:650)
	at io.netty.channel.nio.NioEventLoop.run(NioEventLoop.java:562)
	at io.netty.util.concurrent.SingleThreadEventExecutor$4.run(SingleThreadEventExecutor.java:997)
	at io.netty.util.internal.ThreadExecutorMap$2.run(ThreadExecutorMap.java:74)
	at io.netty.util.concurrent.FastThreadLocalRunnable.run(FastThreadLocalRunnable.java:30)
	at java.base/java.lang.Thread.run(Thread.java:840)
2026-09-08 21:05:30.906 [http-nio-8082-exec-1] INFO  o.a.c.core.ContainerBase.[Tomcat].[localhost].[/] - Initializing Spring DispatcherServlet 'dispatcherServlet'
2026-09-08 21:05:30.908 [http-nio-8082-exec-1] INFO  org.springframework.web.servlet.DispatcherServlet - Initializing Servlet 'dispatcherServlet'
2026-09-08 21:05:30.937 [http-nio-8082-exec-1] INFO  org.springframework.web.servlet.DispatcherServlet - Completed initialization in 27 ms
2026-09-08 21:05:31.238 [http-nio-8082-exec-1] INFO  c.j.f.b.context.filter.HeaderUserId2ContextFilter - ## HeaderUserId2ContextFilter, 用户 ID: null
2026-09-08 21:05:33.347 [http-nio-8082-exec-1] INFO  c.j.f.b.operationlog.aspect.ApiOperationLogAspect - ====== 请求开始: [手机号查询用户信息], 入参: {"phone":"15513003933"}, 请求类: UserController, 请求方法: findByPhone =================================== 
2026-09-08 21:05:33.645 [http-nio-8082-exec-1] DEBUG c.j.x.u.b.domain.mapper.UserDOMapper.selectByPhone - ==>  Preparing: select id,password from t_user where phone=?
2026-09-08 21:05:35.029 [http-nio-8082-exec-1] DEBUG c.j.x.u.b.domain.mapper.UserDOMapper.selectByPhone - ==> Parameters: 15513003933(String)
2026-09-08 21:05:35.124 [http-nio-8082-exec-1] DEBUG c.j.x.u.b.domain.mapper.UserDOMapper.selectByPhone - <==      Total: 1
2026-09-08 21:05:35.153 [http-nio-8082-exec-1] INFO  c.j.f.b.operationlog.aspect.ApiOperationLogAspect - ====== 请求结束: [手机号查询用户信息], 耗时: 1810ms, 出参: {"success":true,"data":{"id":5,"password":"$2a$10$l4J4ZlPdTT3FvIp1tdN7QOS6KWho8p2gUApur2wbXCsMzBY.M2Gw."},"errorCode":null,"message":null} =================================== 
2026-09-08 21:05:59.306 [http-nio-8082-exec-3] INFO  c.j.f.b.context.filter.HeaderUserId2ContextFilter - ## HeaderUserId2ContextFilter, 用户 ID: null
2026-09-08 21:05:59.627 [http-nio-8082-exec-3] INFO  c.j.f.b.operationlog.aspect.ApiOperationLogAspect - ====== 请求开始: [密码更新], 入参: {"encodePassword":"$2a$10$3zUmSNCgRfElgdjrpeYep.49Y/08.lNLmlRc0YZrQ.aPbzkaeYmj6"}, 请求类: UserController, 请求方法: updatePassword =================================== 
2026-09-08 21:06:00.414 [http-nio-8082-exec-3] DEBUG c.j.x.u.b.d.m.U.updateByPrimaryKeySelective - ==>  Preparing: update t_user SET `password` = ?, update_time = ? where id = ?
2026-09-08 21:06:00.443 [http-nio-8082-exec-3] DEBUG c.j.x.u.b.d.m.U.updateByPrimaryKeySelective - ==> Parameters: $2a$10$3zUmSNCgRfElgdjrpeYep.49Y/08.lNLmlRc0YZrQ.aPbzkaeYmj6(String), 2026-09-08T21:05:59.669181900(LocalDateTime), null
2026-09-08 21:06:00.466 [http-nio-8082-exec-3] DEBUG c.j.x.u.b.d.m.U.updateByPrimaryKeySelective - <==    Updates: 0
2026-09-08 21:06:00.469 [http-nio-8082-exec-3] INFO  c.j.f.b.operationlog.aspect.ApiOperationLogAspect - ====== 请求结束: [密码更新], 耗时: 845ms, 出参: {"success":true,"data":null,"errorCode":null,"message":null} =================================== 
2026-09-08 21:06:15.953 [http-nio-8082-exec-2] INFO  c.j.f.b.context.filter.HeaderUserId2ContextFilter - ## HeaderUserId2ContextFilter, 用户 ID: null
2026-09-08 21:06:15.957 [http-nio-8082-exec-2] INFO  c.j.f.b.operationlog.aspect.ApiOperationLogAspect - ====== 请求开始: [密码更新], 入参: {"encodePassword":"$2a$10$JVt1KaD1hSSdlKgmSoNSzehImumVrRrweyi41Wt.WKTgwI9khaBQ."}, 请求类: UserController, 请求方法: updatePassword =================================== 
2026-09-08 21:06:15.960 [http-nio-8082-exec-2] DEBUG c.j.x.u.b.d.m.U.updateByPrimaryKeySelective - ==>  Preparing: update t_user SET `password` = ?, update_time = ? where id = ?
2026-09-08 21:06:15.962 [http-nio-8082-exec-2] DEBUG c.j.x.u.b.d.m.U.updateByPrimaryKeySelective - ==> Parameters: $2a$10$JVt1KaD1hSSdlKgmSoNSzehImumVrRrweyi41Wt.WKTgwI9khaBQ.(String), 2026-09-08T21:06:15.958522600(LocalDateTime), null
2026-09-08 21:06:15.964 [http-nio-8082-exec-2] DEBUG c.j.x.u.b.d.m.U.updateByPrimaryKeySelective - <==    Updates: 0
2026-09-08 21:06:15.965 [http-nio-8082-exec-2] INFO  c.j.f.b.operationlog.aspect.ApiOperationLogAspect - ====== 请求结束: [密码更新], 耗时: 8ms, 出参: {"success":true,"data":null,"errorCode":null,"message":null} =================================== 
2026-09-08 21:06:42.083 [http-nio-8082-exec-4] INFO  c.j.f.b.context.filter.HeaderUserId2ContextFilter - ## HeaderUserId2ContextFilter, 用户 ID: null
2026-09-08 21:06:42.088 [http-nio-8082-exec-4] INFO  c.j.f.b.operationlog.aspect.ApiOperationLogAspect - ====== 请求开始: [手机号查询用户信息], 入参: {"phone":"15513003933"}, 请求类: UserController, 请求方法: findByPhone =================================== 
2026-09-08 21:06:42.090 [http-nio-8082-exec-4] DEBUG c.j.x.u.b.domain.mapper.UserDOMapper.selectByPhone - ==>  Preparing: select id,password from t_user where phone=?
2026-09-08 21:06:42.092 [http-nio-8082-exec-4] DEBUG c.j.x.u.b.domain.mapper.UserDOMapper.selectByPhone - ==> Parameters: 15513003933(String)
2026-09-08 21:06:42.094 [http-nio-8082-exec-4] DEBUG c.j.x.u.b.domain.mapper.UserDOMapper.selectByPhone - <==      Total: 1
2026-09-08 21:06:42.097 [http-nio-8082-exec-4] INFO  c.j.f.b.operationlog.aspect.ApiOperationLogAspect - ====== 请求结束: [手机号查询用户信息], 耗时: 8ms, 出参: {"success":true,"data":{"id":5,"password":"$2a$10$l4J4ZlPdTT3FvIp1tdN7QOS6KWho8p2gUApur2wbXCsMzBY.M2Gw."},"errorCode":null,"message":null} =================================== 
2026-09-08 21:06:57.037 [http-nio-8082-exec-6] INFO  c.j.f.b.context.filter.HeaderUserId2ContextFilter - ## HeaderUserId2ContextFilter, 用户 ID: null
2026-09-08 21:06:57.046 [http-nio-8082-exec-6] INFO  c.j.f.b.operationlog.aspect.ApiOperationLogAspect - ====== 请求开始: [密码更新], 入参: {"encodePassword":"$2a$10$RHu4G15nDt/ReHOyF.szkO.8S77qwjvWI3aab4YSiqULGIVa/r8T."}, 请求类: UserController, 请求方法: updatePassword =================================== 
2026-09-08 21:06:57.097 [http-nio-8082-exec-6] DEBUG c.j.x.u.b.d.m.U.updateByPrimaryKeySelective - ==>  Preparing: update t_user SET `password` = ?, update_time = ? where id = ?
2026-09-08 21:06:57.339 [http-nio-8082-exec-6] DEBUG c.j.x.u.b.d.m.U.updateByPrimaryKeySelective - ==> Parameters: $2a$10$RHu4G15nDt/ReHOyF.szkO.8S77qwjvWI3aab4YSiqULGIVa/r8T.(String), 2026-09-08T21:06:57.047460700(LocalDateTime), null
2026-09-08 21:06:57.344 [http-nio-8082-exec-6] DEBUG c.j.x.u.b.d.m.U.updateByPrimaryKeySelective - <==    Updates: 0
2026-09-08 21:06:57.347 [http-nio-8082-exec-6] INFO  c.j.f.b.operationlog.aspect.ApiOperationLogAspect - ====== 请求结束: [密码更新], 耗时: 302ms, 出参: {"success":true,"data":null,"errorCode":null,"message":null} =================================== 
2026-09-08 21:07:22.327 [http-nio-8082-exec-8] INFO  c.j.f.b.context.filter.HeaderUserId2ContextFilter - ## HeaderUserId2ContextFilter, 用户 ID: null
2026-09-08 21:07:22.342 [http-nio-8082-exec-8] INFO  c.j.f.b.operationlog.aspect.ApiOperationLogAspect - ====== 请求开始: [密码更新], 入参: {"encodePassword":"$2a$10$VnTb02Wt8gdMYQtlxKkJy.CbOhbjqqg3vX8MBBhGSyAMskRw/dRzq"}, 请求类: UserController, 请求方法: updatePassword =================================== 
2026-09-08 21:07:22.352 [http-nio-8082-exec-8] DEBUG c.j.x.u.b.d.m.U.updateByPrimaryKeySelective - ==>  Preparing: update t_user SET `password` = ?, update_time = ? where id = ?
2026-09-08 21:07:22.359 [http-nio-8082-exec-8] DEBUG c.j.x.u.b.d.m.U.updateByPrimaryKeySelective - ==> Parameters: $2a$10$VnTb02Wt8gdMYQtlxKkJy.CbOhbjqqg3vX8MBBhGSyAMskRw/dRzq(String), 2026-09-08T21:07:22.343780200(LocalDateTime), null
2026-09-08 21:07:22.372 [http-nio-8082-exec-8] DEBUG c.j.x.u.b.d.m.U.updateByPrimaryKeySelective - <==    Updates: 0
2026-09-08 21:07:22.373 [http-nio-8082-exec-8] INFO  c.j.f.b.operationlog.aspect.ApiOperationLogAspect - ====== 请求结束: [密码更新], 耗时: 31ms, 出参: {"success":true,"data":null,"errorCode":null,"message":null} =================================== 
2026-09-08 21:07:27.557 [http-nio-8082-exec-7] INFO  c.j.f.b.context.filter.HeaderUserId2ContextFilter - ## HeaderUserId2ContextFilter, 用户 ID: null
2026-09-08 21:07:27.572 [http-nio-8082-exec-7] INFO  c.j.f.b.operationlog.aspect.ApiOperationLogAspect - ====== 请求开始: [手机号查询用户信息], 入参: {"phone":"15513003933"}, 请求类: UserController, 请求方法: findByPhone =================================== 
2026-09-08 21:07:27.575 [http-nio-8082-exec-7] DEBUG c.j.x.u.b.domain.mapper.UserDOMapper.selectByPhone - ==>  Preparing: select id,password from t_user where phone=?
2026-09-08 21:07:27.581 [http-nio-8082-exec-7] DEBUG c.j.x.u.b.domain.mapper.UserDOMapper.selectByPhone - ==> Parameters: 15513003933(String)
2026-09-08 21:07:27.590 [http-nio-8082-exec-7] DEBUG c.j.x.u.b.domain.mapper.UserDOMapper.selectByPhone - <==      Total: 1
2026-09-08 21:07:27.592 [http-nio-8082-exec-7] INFO  c.j.f.b.operationlog.aspect.ApiOperationLogAspect - ====== 请求结束: [手机号查询用户信息], 耗时: 20ms, 出参: {"success":true,"data":{"id":5,"password":"$2a$10$l4J4ZlPdTT3FvIp1tdN7QOS6KWho8p2gUApur2wbXCsMzBY.M2Gw."},"errorCode":null,"message":null} =================================== 
2026-09-08 21:14:32.255 [Thread-10] WARN  c.alibaba.nacos.common.http.HttpClientBeanHolder - [HttpClientBeanHolder] Start destroying common HttpClient
2026-09-08 21:14:32.256 [Thread-7] WARN  com.alibaba.nacos.common.notify.NotifyCenter - [NotifyCenter] Start destroying Publisher
2026-09-08 21:14:32.262 [Thread-7] WARN  com.alibaba.nacos.common.notify.NotifyCenter - [NotifyCenter] Destruction of the end
2026-09-08 21:14:32.265 [Thread-10] WARN  c.alibaba.nacos.common.http.HttpClientBeanHolder - [HttpClientBeanHolder] Destruction of the end
2026-09-08 21:14:32.340 [SpringApplicationShutdownHook] INFO  c.a.cloud.nacos.registry.NacosServiceRegistry - De-registering from Nacos Server now...
2026-09-08 21:14:32.341 [SpringApplicationShutdownHook] INFO  com.alibaba.nacos.client.naming - [DEREGISTER-SERVICE] xiaojiashu deregistering service xiaojiashu-user with instance: Instance{instanceId='null', ip='192.168.52.11', port=8082, weight=1.0, healthy=true, enabled=true, ephemeral=true, clusterName='DEFAULT', serviceName='null', metadata={}}
2026-09-08 21:14:32.350 [SpringApplicationShutdownHook] INFO  c.a.cloud.nacos.registry.NacosServiceRegistry - De-registration finished.
2026-09-08 21:14:32.350 [SpringApplicationShutdownHook] INFO  com.alibaba.nacos.client.naming - com.alibaba.nacos.client.naming.cache.ServiceInfoHolder do shutdown begin
2026-09-08 21:14:32.350 [SpringApplicationShutdownHook] INFO  com.alibaba.nacos.client.naming - com.alibaba.nacos.client.naming.backups.FailoverReactor do shutdown begin
2026-09-08 21:14:32.351 [SpringApplicationShutdownHook] INFO  com.alibaba.nacos.client.naming - com.alibaba.nacos.client.naming.backups.FailoverReactor do shutdown stop
2026-09-08 21:14:32.351 [SpringApplicationShutdownHook] INFO  com.alibaba.nacos.client.naming - com.alibaba.nacos.client.naming.cache.ServiceInfoHolder do shutdown stop
2026-09-08 21:14:32.351 [SpringApplicationShutdownHook] INFO  com.alibaba.nacos.client.naming - com.alibaba.nacos.client.naming.remote.NamingClientProxyDelegate do shutdown begin
2026-09-08 21:14:32.351 [SpringApplicationShutdownHook] INFO  com.alibaba.nacos.client.naming - com.alibaba.nacos.client.naming.core.ServiceInfoUpdateService do shutdown begin
2026-09-08 21:14:32.351 [SpringApplicationShutdownHook] INFO  com.alibaba.nacos.client.naming - com.alibaba.nacos.client.naming.core.ServiceInfoUpdateService do shutdown stop
2026-09-08 21:14:32.351 [SpringApplicationShutdownHook] INFO  com.alibaba.nacos.client.naming - com.alibaba.nacos.client.naming.core.ServerListManager do shutdown begin
2026-09-08 21:14:32.351 [SpringApplicationShutdownHook] WARN  com.alibaba.nacos.client.naming - [NamingHttpClientManager] Start destroying NacosRestTemplate
2026-09-08 21:14:32.351 [SpringApplicationShutdownHook] WARN  com.alibaba.nacos.client.naming - [NamingHttpClientManager] Destruction of the end
2026-09-08 21:14:32.351 [SpringApplicationShutdownHook] INFO  com.alibaba.nacos.client.naming - com.alibaba.nacos.client.naming.core.ServerListManager do shutdown stop
2026-09-08 21:14:32.351 [SpringApplicationShutdownHook] INFO  com.alibaba.nacos.client.naming - com.alibaba.nacos.client.naming.remote.http.NamingHttpClientProxy do shutdown begin
2026-09-08 21:14:32.351 [SpringApplicationShutdownHook] WARN  com.alibaba.nacos.client.naming - [NamingHttpClientManager] Start destroying NacosRestTemplate
2026-09-08 21:14:32.351 [SpringApplicationShutdownHook] WARN  com.alibaba.nacos.client.naming - [NamingHttpClientManager] Destruction of the end
2026-09-08 21:14:32.351 [SpringApplicationShutdownHook] INFO  com.alibaba.nacos.client.naming - com.alibaba.nacos.client.naming.remote.http.NamingHttpClientProxy do shutdown stop
2026-09-08 21:14:32.352 [SpringApplicationShutdownHook] INFO  com.alibaba.nacos.common.remote.client - Shutdown rpc client, set status to shutdown
2026-09-08 21:14:32.352 [SpringApplicationShutdownHook] INFO  com.alibaba.nacos.common.remote.client - Shutdown client event executor java.util.concurrent.ScheduledThreadPoolExecutor@123e2534[Running, pool size = 2, active threads = 2, queued tasks = 0, completed tasks = 0]
2026-09-08 21:14:32.352 [SpringApplicationShutdownHook] INFO  com.alibaba.nacos.common.remote.client - Close current connection 1788872616005_172.17.0.1_35838
2026-09-08 21:14:32.357 [nacos-grpc-client-executor-127.0.0.1-139] INFO  c.a.nacos.common.remote.client.grpc.GrpcClient - [1788872616005_172.17.0.1_35838]Ignore complete event,isRunning:false,isAbandon=false
2026-09-08 21:14:32.360 [SpringApplicationShutdownHook] INFO  c.a.nacos.common.remote.client.grpc.GrpcClient - Shutdown grpc executor java.util.concurrent.ThreadPoolExecutor@281091e0[Running, pool size = 4, active threads = 0, queued tasks = 0, completed tasks = 140]
2026-09-08 21:14:32.360 [SpringApplicationShutdownHook] INFO  com.alibaba.nacos.client.naming - Shutdown grpc redo service executor java.util.concurrent.ScheduledThreadPoolExecutor@3f49650d[Running, pool size = 1, active threads = 0, queued tasks = 1, completed tasks = 218]
2026-09-08 21:14:32.360 [SpringApplicationShutdownHook] INFO  c.a.n.client.auth.ram.identify.CredentialWatcher - [null] CredentialWatcher is stopped
2026-09-08 21:14:32.360 [SpringApplicationShutdownHook] INFO  c.a.n.client.auth.ram.identify.CredentialService - [null] CredentialService is freed
2026-09-08 21:14:32.361 [SpringApplicationShutdownHook] INFO  com.alibaba.nacos.client.naming - com.alibaba.nacos.client.naming.remote.NamingClientProxyDelegate do shutdown stop
2026-09-08 21:14:32.533 [SpringApplicationShutdownHook] INFO  com.alibaba.druid.pool.DruidDataSource - {dataSource-1} closing ...
2026-09-08 21:14:32.579 [SpringApplicationShutdownHook] INFO  com.alibaba.druid.pool.DruidDataSource - {dataSource-1} closed
2026-09-08 21:14:38.706 [main] WARN  com.alibaba.nacos.client.logging.NacosLogging - Load Logback Configuration of Nacos fail, message: Could not initialize Logback Nacos logging from classpath:nacos-logback.xml
2026-09-08 21:14:38.891 [main] WARN  com.alibaba.nacos.client.logging.NacosLogging - Load Logback Configuration of Nacos fail, message: Could not initialize Logback Nacos logging from classpath:nacos-logback.xml
2026-09-08 21:14:40.863 [main] WARN  com.alibaba.nacos.client.logging.NacosLogging - Load Logback Configuration of Nacos fail, message: Could not initialize Logback Nacos logging from classpath:nacos-logback.xml
2026-09-08 21:14:40.894 [main] WARN  com.alibaba.nacos.client.logging.NacosLogging - Load Logback Configuration of Nacos fail, message: Could not initialize Logback Nacos logging from classpath:nacos-logback.xml
2026-09-08 21:14:40.896 [main] INFO  c.j.x.user.biz.XiaojiashuUserBizApplication - The following 1 profile is active: "dev"
2026-09-08 21:14:42.283 [main] INFO  o.s.d.r.config.RepositoryConfigurationDelegate - Multiple Spring Data modules found, entering strict repository configuration mode
2026-09-08 21:14:42.297 [main] INFO  o.s.d.r.config.RepositoryConfigurationDelegate - Bootstrapping Spring Data Redis repositories in DEFAULT mode.
2026-09-08 21:14:42.401 [main] INFO  o.s.d.r.config.RepositoryConfigurationDelegate - Finished Spring Data repository scanning in 42 ms. Found 0 Redis repository interfaces.
2026-09-08 21:14:43.049 [main] INFO  o.springframework.cloud.context.scope.GenericScope - BeanFactory id=026ab911-f826-32b1-bdec-0f4ec27ad746
2026-09-08 21:14:43.134 [main] INFO  o.s.c.s.PostProcessorRegistrationDelegate$BeanPostProcessorChecker - Bean 'com.jiahuiling.xiaojiashu.oss.api.FileFeignApi' of type [org.springframework.cloud.openfeign.FeignClientFactoryBean] is not eligible for getting processed by all BeanPostProcessors (for example: not eligible for auto-proxying)
2026-09-08 21:14:43.139 [main] INFO  o.s.c.s.PostProcessorRegistrationDelegate$BeanPostProcessorChecker - Bean 'com.jiahuiling.xiaojiashu.user.api.UserFeignApi' of type [org.springframework.cloud.openfeign.FeignClientFactoryBean] is not eligible for getting processed by all BeanPostProcessors (for example: not eligible for auto-proxying)
2026-09-08 21:14:44.664 [main] INFO  o.s.boot.web.embedded.tomcat.TomcatWebServer - Tomcat initialized with port(s): 8082 (http)
2026-09-08 21:14:44.682 [main] INFO  org.apache.catalina.core.StandardService - Starting service [Tomcat]
2026-09-08 21:14:44.683 [main] INFO  org.apache.catalina.core.StandardEngine - Starting Servlet engine: [Apache Tomcat/10.1.5]
2026-09-08 21:14:44.866 [main] INFO  o.a.c.core.ContainerBase.[Tomcat].[localhost].[/] - Initializing Spring embedded WebApplicationContext
2026-09-08 21:14:44.867 [main] INFO  o.s.b.w.s.c.ServletWebServerApplicationContext - Root WebApplicationContext: initialization completed in 3924 ms
2026-09-08 21:14:45.015 [main] INFO  c.a.d.s.b.a.DruidDataSourceAutoConfigure - Init DruidDataSource
2026-09-08 21:14:45.439 [main] INFO  com.alibaba.druid.pool.DruidDataSource - {dataSource-1} inited
2026-09-08 21:14:45.958 [main] INFO  o.s.cloud.openfeign.FeignClientFactoryBean - For 'xiaojiashu-oss' URL not provided. Will try picking an instance via load-balancing.
2026-09-08 21:14:49.820 [main] WARN  o.s.c.l.c.LoadBalancerCacheAutoConfiguration$LoadBalancerCaffeineWarnLogger - Spring Cloud LoadBalancer is currently working with the default cache. While this cache implementation is useful for development and tests, it's recommended to use Caffeine cache in production.You can switch to using Caffeine cache, by adding it and org.springframework.cache.caffeine.CaffeineCacheManager to the classpath.
2026-09-08 21:14:49.992 [main] INFO  o.s.boot.web.embedded.tomcat.TomcatWebServer - Tomcat started on port(s): 8082 (http) with context path ''
2026-09-08 21:14:50.036 [main] WARN  com.alibaba.nacos.client.logging.NacosLogging - Load Logback Configuration of Nacos fail, message: Could not initialize Logback Nacos logging from classpath:nacos-logback.xml
2026-09-08 21:14:50.037 [main] INFO  com.alibaba.nacos.client.naming - initializer namespace from ans.namespace attribute : null
2026-09-08 21:14:50.039 [main] INFO  com.alibaba.nacos.client.naming - initializer namespace from ALIBABA_ALIWARE_NAMESPACE attribute :null
2026-09-08 21:14:50.041 [main] INFO  com.alibaba.nacos.client.naming - initializer namespace from namespace attribute :null
2026-09-08 21:14:50.096 [main] INFO  com.alibaba.nacos.client.utils.ParamUtil - [settings] [req-serv] nacos-server port:8848
2026-09-08 21:14:50.096 [main] INFO  com.alibaba.nacos.client.utils.ParamUtil - [settings] [http-client] connect timeout:1000
2026-09-08 21:14:50.098 [main] INFO  com.alibaba.nacos.client.utils.ParamUtil - PER_TASK_CONFIG_SIZE: 3000.0
2026-09-08 21:14:50.108 [main] INFO  c.a.n.p.auth.spi.client.ClientAuthPluginManager - [ClientAuthPluginManager] Load ClientAuthService com.alibaba.nacos.client.auth.impl.NacosClientAuthServiceImpl success.
2026-09-08 21:14:50.109 [main] INFO  c.a.n.p.auth.spi.client.ClientAuthPluginManager - [ClientAuthPluginManager] Load ClientAuthService com.alibaba.nacos.client.auth.ram.RamClientAuthServiceImpl success.
2026-09-08 21:14:50.116 [main] INFO  c.a.n.client.auth.ram.identify.CredentialWatcher - null No credential found
2026-09-08 21:14:50.135 [main] INFO  com.alibaba.nacos.common.remote.client - [RpcClientFactory] create a new rpc client of e057302f-9e51-4fcb-9eb0-757802681bf7
2026-09-08 21:14:50.182 [main] INFO  com.alibaba.nacos.common.remote.client - [e057302f-9e51-4fcb-9eb0-757802681bf7] RpcClient init, ServerListFactory = com.alibaba.nacos.client.naming.core.ServerListManager
2026-09-08 21:14:50.182 [main] INFO  com.alibaba.nacos.common.remote.client - [e057302f-9e51-4fcb-9eb0-757802681bf7] Registry connection listener to current client:com.alibaba.nacos.client.naming.remote.gprc.redo.NamingGrpcRedoService
2026-09-08 21:14:50.183 [main] INFO  com.alibaba.nacos.common.remote.client - [e057302f-9e51-4fcb-9eb0-757802681bf7] Register server push request handler:com.alibaba.nacos.client.naming.remote.gprc.NamingPushRequestHandler
2026-09-08 21:14:50.186 [main] INFO  com.alibaba.nacos.common.remote.client - [e057302f-9e51-4fcb-9eb0-757802681bf7] Try to connect to server on start up, server: {serverIp = '127.0.0.1', server main port = 8848}
2026-09-08 21:14:50.282 [main] INFO  c.a.nacos.common.remote.client.grpc.GrpcClient - grpc client connection server:127.0.0.1 ip,serverPort:9848,grpcTslConfig:{"sslProvider":"OPENSSL","enableTls":false,"mutualAuthEnable":false,"trustAll":false}
2026-09-08 21:14:52.981 [main] INFO  com.alibaba.nacos.common.remote.client - [e057302f-9e51-4fcb-9eb0-757802681bf7] Success to connect to server [127.0.0.1:8848] on start up, connectionId = 1788873292446_172.17.0.1_47344
2026-09-08 21:14:52.983 [com.alibaba.nacos.client.remote.worker] INFO  com.alibaba.nacos.common.remote.client - [e057302f-9e51-4fcb-9eb0-757802681bf7] Notify connected event to listeners.
2026-09-08 21:14:52.983 [com.alibaba.nacos.client.remote.worker] INFO  com.alibaba.nacos.client.naming - Grpc connection connect
2026-09-08 21:14:52.983 [main] INFO  com.alibaba.nacos.common.remote.client - [e057302f-9e51-4fcb-9eb0-757802681bf7] Register server push request handler:com.alibaba.nacos.common.remote.client.RpcClient$ConnectResetRequestHandler
2026-09-08 21:14:52.984 [main] INFO  com.alibaba.nacos.common.remote.client - [e057302f-9e51-4fcb-9eb0-757802681bf7] Register server push request handler:com.alibaba.nacos.common.remote.client.RpcClient$$Lambda$1262/0x000002802d8d8668
2026-09-08 21:14:52.987 [main] INFO  com.alibaba.nacos.client.naming - [REGISTER-SERVICE] xiaojiashu registering service xiaojiashu-user with instance Instance{instanceId='null', ip='192.168.52.11', port=8082, weight=1.0, healthy=true, enabled=true, ephemeral=true, clusterName='DEFAULT', serviceName='null', metadata={IPv6=null, preserved.register.source=SPRING_CLOUD}}
2026-09-08 21:14:53.017 [main] INFO  c.a.cloud.nacos.registry.NacosServiceRegistry - nacos registry, DEFAULT_GROUP xiaojiashu-user 192.168.52.11:8082 register finished
2026-09-08 21:14:53.744 [main] INFO  c.j.x.user.biz.XiaojiashuUserBizApplication - Started XiaojiashuUserBizApplication in 16.95 seconds (process running for 18.79)
2026-09-08 21:14:53.747 [main] INFO  c.j.x.u.biz.runner.PushRolePermissions2RedisRunner - ==> 服务启动，开始同步角色权限数据到 Redis 中...
2026-09-08 21:14:54.600 [main] WARN  c.j.x.u.biz.runner.PushRolePermissions2RedisRunner - ==> 角色权限数据已经同步至 Redis 中，不再同步...
2026-09-08 21:16:10.044 [http-nio-8082-exec-1] INFO  o.a.c.core.ContainerBase.[Tomcat].[localhost].[/] - Initializing Spring DispatcherServlet 'dispatcherServlet'
2026-09-08 21:16:10.048 [http-nio-8082-exec-1] INFO  org.springframework.web.servlet.DispatcherServlet - Initializing Servlet 'dispatcherServlet'
2026-09-08 21:16:10.072 [http-nio-8082-exec-1] INFO  org.springframework.web.servlet.DispatcherServlet - Completed initialization in 23 ms
2026-09-08 21:16:10.108 [http-nio-8082-exec-1] INFO  c.j.f.b.context.filter.HeaderUserId2ContextFilter - ## HeaderUserId2ContextFilter, 用户 ID: null
2026-09-08 21:16:10.540 [http-nio-8082-exec-1] INFO  c.j.f.b.operationlog.aspect.ApiOperationLogAspect - ====== 请求开始: [密码更新], 入参: {"encodePassword":"$2a$10$5tqSHg5myaaddhVd7NpbMenbJAPvq4ZUcHGwl5kyCsfFESChuhV1q"}, 请求类: UserController, 请求方法: updatePassword =================================== 
2026-09-08 21:16:10.669 [http-nio-8082-exec-1] DEBUG c.j.x.u.b.d.m.U.updateByPrimaryKeySelective - ==>  Preparing: update t_user SET `password` = ?, update_time = ? where id = ?
2026-09-08 21:16:11.091 [http-nio-8082-exec-1] DEBUG c.j.x.u.b.d.m.U.updateByPrimaryKeySelective - ==> Parameters: $2a$10$5tqSHg5myaaddhVd7NpbMenbJAPvq4ZUcHGwl5kyCsfFESChuhV1q(String), 2026-09-08T21:16:10.550353300(LocalDateTime), null
2026-09-08 21:16:11.128 [http-nio-8082-exec-1] DEBUG c.j.x.u.b.d.m.U.updateByPrimaryKeySelective - <==    Updates: 0
2026-09-08 21:16:11.133 [http-nio-8082-exec-1] INFO  c.j.f.b.operationlog.aspect.ApiOperationLogAspect - ====== 请求结束: [密码更新], 耗时: 597ms, 出参: {"success":true,"data":null,"errorCode":null,"message":null} =================================== 
2026-09-08 21:27:14.980 [http-nio-8082-exec-2] INFO  c.j.f.b.context.filter.HeaderUserId2ContextFilter - ## HeaderUserId2ContextFilter, 用户 ID: 5
2026-09-08 21:27:14.982 [http-nio-8082-exec-2] INFO  c.j.f.b.context.filter.HeaderUserId2ContextFilter - ===== 设置 userId 到 ThreadLocal 中， 用户 ID: 5
2026-09-08 21:27:16.907 [http-nio-8082-exec-2] INFO  c.j.f.b.c.interceptor.FeignRequestInterceptor - ########## feign 请求设置请求头 userId: 5
2026-09-08 21:27:19.990 [http-nio-8082-exec-2] INFO  com.alibaba.nacos.client.naming - [SUBSCRIBE-SERVICE] service:xiaojiashu-oss, group:DEFAULT_GROUP, clusters: 
2026-09-08 21:27:20.198 [com.alibaba.nacos.client.naming.grpc.redo.0] INFO  com.alibaba.nacos.client.naming - Redo subscriber operation REGISTER for DEFAULT_GROUP@@xiaojiashu-oss#
2026-09-08 21:27:21.936 [http-nio-8082-exec-2] INFO  com.alibaba.nacos.client.naming - init new ips(1) service: DEFAULT_GROUP@@xiaojiashu-oss -> [{"ip":"192.168.52.11","port":8081,"weight":1.0,"healthy":true,"enabled":true,"ephemeral":true,"clusterName":"DEFAULT","serviceName":"DEFAULT_GROUP@@xiaojiashu-oss","metadata":{"preserved.register.source":"SPRING_CLOUD"},"ipDeleteTimeout":30000,"instanceHeartBeatTimeOut":15000,"instanceHeartBeatInterval":5000}]
2026-09-08 21:27:22.790 [http-nio-8082-exec-2] INFO  com.alibaba.nacos.client.naming - current ips:(1) service: DEFAULT_GROUP@@xiaojiashu-oss -> [{"ip":"192.168.52.11","port":8081,"weight":1.0,"healthy":true,"enabled":true,"ephemeral":true,"clusterName":"DEFAULT","serviceName":"DEFAULT_GROUP@@xiaojiashu-oss","metadata":{"preserved.register.source":"SPRING_CLOUD"},"ipDeleteTimeout":30000,"instanceHeartBeatTimeOut":15000,"instanceHeartBeatInterval":5000}]
2026-09-08 21:27:22.868 [nacos-grpc-client-executor-127.0.0.1-184] INFO  com.alibaba.nacos.common.remote.client - [e057302f-9e51-4fcb-9eb0-757802681bf7] Receive server push request, request = NotifySubscriberRequest, requestId = 23
2026-09-08 21:27:22.873 [nacos-grpc-client-executor-127.0.0.1-184] INFO  com.alibaba.nacos.common.remote.client - [e057302f-9e51-4fcb-9eb0-757802681bf7] Ack server push request, request = NotifySubscriberRequest, requestId = 23
2026-09-08 21:27:40.874 [http-nio-8082-exec-2] INFO  c.j.x.user.biz.service.Impl.UserServiceImpl - ==> 调用 oss 服务成功，上传头像，url：http://127.0.0.1:9000/xiaojiashu/10da6081d6174cc6bc7fa1f7a232ec34.jpg
2026-09-08 21:27:40.912 [http-nio-8082-exec-2] INFO  c.j.f.b.c.interceptor.FeignRequestInterceptor - ########## feign 请求设置请求头 userId: 5
2026-09-08 21:27:41.777 [http-nio-8082-exec-2] INFO  c.j.x.user.biz.service.Impl.UserServiceImpl - ==> 调用 oss 服务成功，上传背景图，url：http://127.0.0.1:9000/xiaojiashu/b688134f27194b128728f97fc2ab48e4.jpg
2026-09-08 21:27:41.783 [http-nio-8082-exec-2] DEBUG c.j.x.u.b.d.m.U.updateByPrimaryKeySelective - ==>  Preparing: update t_user SET xiaojiashu_id = ?, nickname = ?, avatar = ?, birthday = ?, background_img = ?, sex = ?, introduction = ?, update_time = ? where id = ?
2026-09-08 21:27:41.794 [http-nio-8082-exec-2] DEBUG c.j.x.u.b.d.m.U.updateByPrimaryKeySelective - ==> Parameters: jiahuiling(String), 小贾同学(String), http://127.0.0.1:9000/xiaojiashu/10da6081d6174cc6bc7fa1f7a232ec34.jpg(String), 2004-09-15(LocalDate), http://127.0.0.1:9000/xiaojiashu/b688134f27194b128728f97fc2ab48e4.jpg(String), 1(Integer), 程序员一枚(String), 2026-09-08T21:27:41.778834900(LocalDateTime), 5(Long)
2026-09-08 21:27:41.824 [http-nio-8082-exec-2] DEBUG c.j.x.u.b.d.m.U.updateByPrimaryKeySelective - <==    Updates: 1
2026-09-08 21:27:41.853 [http-nio-8082-exec-2] INFO  c.j.f.b.context.filter.HeaderUserId2ContextFilter - ===== 删除 ThreadLocal， userId: 5
2026-09-08 21:28:11.153 [http-nio-8082-exec-7] INFO  c.j.f.b.context.filter.HeaderUserId2ContextFilter - ## HeaderUserId2ContextFilter, 用户 ID: null
2026-09-08 21:28:11.315 [http-nio-8082-exec-7] INFO  c.j.f.b.operationlog.aspect.ApiOperationLogAspect - ====== 请求开始: [手机号查询用户信息], 入参: {"phone":"15513003933"}, 请求类: UserController, 请求方法: findByPhone =================================== 
2026-09-08 21:28:11.347 [http-nio-8082-exec-7] DEBUG c.j.x.u.b.domain.mapper.UserDOMapper.selectByPhone - ==>  Preparing: select id,password from t_user where phone=?
2026-09-08 21:28:11.405 [http-nio-8082-exec-7] DEBUG c.j.x.u.b.domain.mapper.UserDOMapper.selectByPhone - ==> Parameters: 15513003933(String)
2026-09-08 21:28:11.554 [http-nio-8082-exec-7] DEBUG c.j.x.u.b.domain.mapper.UserDOMapper.selectByPhone - <==      Total: 1
2026-09-08 21:28:11.599 [http-nio-8082-exec-7] INFO  c.j.f.b.operationlog.aspect.ApiOperationLogAspect - ====== 请求结束: [手机号查询用户信息], 耗时: 283ms, 出参: {"success":true,"data":{"id":5,"password":"$2a$10$l4J4ZlPdTT3FvIp1tdN7QOS6KWho8p2gUApur2wbXCsMzBY.M2Gw."},"errorCode":null,"message":null} =================================== 
2026-09-08 21:28:23.851 [http-nio-8082-exec-4] INFO  c.j.f.b.context.filter.HeaderUserId2ContextFilter - ## HeaderUserId2ContextFilter, 用户 ID: null
2026-09-08 21:28:23.860 [http-nio-8082-exec-4] INFO  c.j.f.b.operationlog.aspect.ApiOperationLogAspect - ====== 请求开始: [密码更新], 入参: {"encodePassword":"$2a$10$RrVbVgaMRYo7PBXb9gs.pe63O2v./KCvFIamyOEnthgC.SpYJYGZa"}, 请求类: UserController, 请求方法: updatePassword =================================== 
2026-09-08 21:28:23.864 [http-nio-8082-exec-4] DEBUG c.j.x.u.b.d.m.U.updateByPrimaryKeySelective - ==>  Preparing: update t_user SET `password` = ?, update_time = ? where id = ?
2026-09-08 21:28:23.865 [http-nio-8082-exec-4] DEBUG c.j.x.u.b.d.m.U.updateByPrimaryKeySelective - ==> Parameters: $2a$10$RrVbVgaMRYo7PBXb9gs.pe63O2v./KCvFIamyOEnthgC.SpYJYGZa(String), 2026-09-08T21:28:23.861569100(LocalDateTime), null
2026-09-08 21:28:23.869 [http-nio-8082-exec-4] DEBUG c.j.x.u.b.d.m.U.updateByPrimaryKeySelective - <==    Updates: 0
2026-09-08 21:28:23.870 [http-nio-8082-exec-4] INFO  c.j.f.b.operationlog.aspect.ApiOperationLogAspect - ====== 请求结束: [密码更新], 耗时: 10ms, 出参: {"success":true,"data":null,"errorCode":null,"message":null} =================================== 
2026-09-08 21:29:43.447 [http-nio-8082-exec-3] INFO  c.j.f.b.context.filter.HeaderUserId2ContextFilter - ## HeaderUserId2ContextFilter, 用户 ID: null
2026-09-08 21:29:43.456 [http-nio-8082-exec-3] INFO  c.j.f.b.operationlog.aspect.ApiOperationLogAspect - ====== 请求开始: [密码更新], 入参: {"encodePassword":"$2a$10$W74Eu4Fc8KcKxy3h0mFHdO9I3BmTf38rRD/1V/87BdTiUeEhc9fpq"}, 请求类: UserController, 请求方法: updatePassword =================================== 
2026-09-08 21:29:43.463 [http-nio-8082-exec-3] DEBUG c.j.x.u.b.d.m.U.updateByPrimaryKeySelective - ==>  Preparing: update t_user SET `password` = ?, update_time = ? where id = ?
2026-09-08 21:29:43.468 [http-nio-8082-exec-3] DEBUG c.j.x.u.b.d.m.U.updateByPrimaryKeySelective - ==> Parameters: $2a$10$W74Eu4Fc8KcKxy3h0mFHdO9I3BmTf38rRD/1V/87BdTiUeEhc9fpq(String), 2026-09-08T21:29:43.458007900(LocalDateTime), null
2026-09-08 21:29:43.472 [http-nio-8082-exec-3] DEBUG c.j.x.u.b.d.m.U.updateByPrimaryKeySelective - <==    Updates: 0
2026-09-08 21:29:43.473 [http-nio-8082-exec-3] INFO  c.j.f.b.operationlog.aspect.ApiOperationLogAspect - ====== 请求结束: [密码更新], 耗时: 17ms, 出参: {"success":true,"data":null,"errorCode":null,"message":null} =================================== 
2026-09-08 21:29:53.413 [http-nio-8082-exec-8] INFO  c.j.f.b.context.filter.HeaderUserId2ContextFilter - ## HeaderUserId2ContextFilter, 用户 ID: null
2026-09-08 21:29:53.422 [http-nio-8082-exec-8] INFO  c.j.f.b.operationlog.aspect.ApiOperationLogAspect - ====== 请求开始: [密码更新], 入参: {"encodePassword":"$2a$10$0mDTWe6PE3cyIjWyuYlIpuUS0m/QEwNGebW27MSMVD..r5/kOtKs6"}, 请求类: UserController, 请求方法: updatePassword =================================== 
2026-09-08 21:29:53.425 [http-nio-8082-exec-8] DEBUG c.j.x.u.b.d.m.U.updateByPrimaryKeySelective - ==>  Preparing: update t_user SET `password` = ?, update_time = ? where id = ?
2026-09-08 21:29:53.430 [http-nio-8082-exec-8] DEBUG c.j.x.u.b.d.m.U.updateByPrimaryKeySelective - ==> Parameters: $2a$10$0mDTWe6PE3cyIjWyuYlIpuUS0m/QEwNGebW27MSMVD..r5/kOtKs6(String), 2026-09-08T21:29:53.423497400(LocalDateTime), null
2026-09-08 21:29:53.434 [http-nio-8082-exec-8] DEBUG c.j.x.u.b.d.m.U.updateByPrimaryKeySelective - <==    Updates: 0
2026-09-08 21:29:53.435 [http-nio-8082-exec-8] INFO  c.j.f.b.operationlog.aspect.ApiOperationLogAspect - ====== 请求结束: [密码更新], 耗时: 14ms, 出参: {"success":true,"data":null,"errorCode":null,"message":null} =================================== 
2026-09-08 21:30:00.732 [http-nio-8082-exec-9] INFO  c.j.f.b.context.filter.HeaderUserId2ContextFilter - ## HeaderUserId2ContextFilter, 用户 ID: null
2026-09-08 21:30:00.738 [http-nio-8082-exec-9] INFO  c.j.f.b.operationlog.aspect.ApiOperationLogAspect - ====== 请求开始: [密码更新], 入参: {"encodePassword":"$2a$10$LwfD.DRa6AJ/4tDS9rcKKumQCe1263eCvT4Z2HjievJmKGTSwsi0y"}, 请求类: UserController, 请求方法: updatePassword =================================== 
2026-09-08 21:30:00.742 [http-nio-8082-exec-9] DEBUG c.j.x.u.b.d.m.U.updateByPrimaryKeySelective - ==>  Preparing: update t_user SET `password` = ?, update_time = ? where id = ?
2026-09-08 21:30:00.746 [http-nio-8082-exec-9] DEBUG c.j.x.u.b.d.m.U.updateByPrimaryKeySelective - ==> Parameters: $2a$10$LwfD.DRa6AJ/4tDS9rcKKumQCe1263eCvT4Z2HjievJmKGTSwsi0y(String), 2026-09-08T21:30:00.739096(LocalDateTime), null
2026-09-08 21:30:00.749 [http-nio-8082-exec-9] DEBUG c.j.x.u.b.d.m.U.updateByPrimaryKeySelective - <==    Updates: 0
2026-09-08 21:30:00.750 [http-nio-8082-exec-9] INFO  c.j.f.b.operationlog.aspect.ApiOperationLogAspect - ====== 请求结束: [密码更新], 耗时: 13ms, 出参: {"success":true,"data":null,"errorCode":null,"message":null} =================================== 
2026-09-08 21:37:19.928 [http-nio-8082-exec-1] INFO  c.j.f.b.context.filter.HeaderUserId2ContextFilter - ## HeaderUserId2ContextFilter, 用户 ID: null
2026-09-08 21:37:19.948 [http-nio-8082-exec-1] INFO  c.j.f.b.operationlog.aspect.ApiOperationLogAspect - ====== 请求开始: [密码更新], 入参: {"encodePassword":"$2a$10$9lF8f9rCTtRJYL8xcKgt2O22MdojlHOL4OhF/w6//hqw7jiAKNT.6"}, 请求类: UserController, 请求方法: updatePassword =================================== 
2026-09-08 21:37:19.959 [http-nio-8082-exec-1] DEBUG c.j.x.u.b.d.m.U.updateByPrimaryKeySelective - ==>  Preparing: update t_user SET `password` = ?, update_time = ? where id = ?
2026-09-08 21:37:19.968 [http-nio-8082-exec-1] DEBUG c.j.x.u.b.d.m.U.updateByPrimaryKeySelective - ==> Parameters: $2a$10$9lF8f9rCTtRJYL8xcKgt2O22MdojlHOL4OhF/w6//hqw7jiAKNT.6(String), 2026-09-08T21:37:19.949033500(LocalDateTime), null
2026-09-08 21:37:19.971 [http-nio-8082-exec-1] DEBUG c.j.x.u.b.d.m.U.updateByPrimaryKeySelective - <==    Updates: 0
2026-09-08 21:37:19.972 [http-nio-8082-exec-1] INFO  c.j.f.b.operationlog.aspect.ApiOperationLogAspect - ====== 请求结束: [密码更新], 耗时: 25ms, 出参: {"success":true,"data":null,"errorCode":null,"message":null} =================================== 
2026-09-08 21:37:49.488 [Thread-10] WARN  c.alibaba.nacos.common.http.HttpClientBeanHolder - [HttpClientBeanHolder] Start destroying common HttpClient
2026-09-08 21:37:49.488 [Thread-7] WARN  com.alibaba.nacos.common.notify.NotifyCenter - [NotifyCenter] Start destroying Publisher
2026-09-08 21:37:49.490 [Thread-7] WARN  com.alibaba.nacos.common.notify.NotifyCenter - [NotifyCenter] Destruction of the end
2026-09-08 21:37:49.493 [Thread-10] WARN  c.alibaba.nacos.common.http.HttpClientBeanHolder - [HttpClientBeanHolder] Destruction of the end
2026-09-08 21:37:49.614 [SpringApplicationShutdownHook] INFO  c.a.cloud.nacos.registry.NacosServiceRegistry - De-registering from Nacos Server now...
2026-09-08 21:37:49.614 [SpringApplicationShutdownHook] INFO  com.alibaba.nacos.client.naming - [DEREGISTER-SERVICE] xiaojiashu deregistering service xiaojiashu-user with instance: Instance{instanceId='null', ip='192.168.52.11', port=8082, weight=1.0, healthy=true, enabled=true, ephemeral=true, clusterName='DEFAULT', serviceName='null', metadata={}}
2026-09-08 21:37:49.621 [SpringApplicationShutdownHook] INFO  c.a.cloud.nacos.registry.NacosServiceRegistry - De-registration finished.
2026-09-08 21:37:49.622 [SpringApplicationShutdownHook] INFO  com.alibaba.nacos.client.naming - com.alibaba.nacos.client.naming.cache.ServiceInfoHolder do shutdown begin
2026-09-08 21:37:49.622 [SpringApplicationShutdownHook] INFO  com.alibaba.nacos.client.naming - com.alibaba.nacos.client.naming.backups.FailoverReactor do shutdown begin
2026-09-08 21:37:49.622 [SpringApplicationShutdownHook] INFO  com.alibaba.nacos.client.naming - com.alibaba.nacos.client.naming.backups.FailoverReactor do shutdown stop
2026-09-08 21:37:49.622 [SpringApplicationShutdownHook] INFO  com.alibaba.nacos.client.naming - com.alibaba.nacos.client.naming.cache.ServiceInfoHolder do shutdown stop
2026-09-08 21:37:49.622 [SpringApplicationShutdownHook] INFO  com.alibaba.nacos.client.naming - com.alibaba.nacos.client.naming.remote.NamingClientProxyDelegate do shutdown begin
2026-09-08 21:37:49.622 [SpringApplicationShutdownHook] INFO  com.alibaba.nacos.client.naming - com.alibaba.nacos.client.naming.core.ServiceInfoUpdateService do shutdown begin
2026-09-08 21:37:49.622 [SpringApplicationShutdownHook] INFO  com.alibaba.nacos.client.naming - com.alibaba.nacos.client.naming.core.ServiceInfoUpdateService do shutdown stop
2026-09-08 21:37:49.622 [SpringApplicationShutdownHook] INFO  com.alibaba.nacos.client.naming - com.alibaba.nacos.client.naming.core.ServerListManager do shutdown begin
2026-09-08 21:37:49.622 [SpringApplicationShutdownHook] WARN  com.alibaba.nacos.client.naming - [NamingHttpClientManager] Start destroying NacosRestTemplate
2026-09-08 21:37:49.622 [SpringApplicationShutdownHook] WARN  com.alibaba.nacos.client.naming - [NamingHttpClientManager] Destruction of the end
2026-09-08 21:37:49.622 [SpringApplicationShutdownHook] INFO  com.alibaba.nacos.client.naming - com.alibaba.nacos.client.naming.core.ServerListManager do shutdown stop
2026-09-08 21:37:49.622 [SpringApplicationShutdownHook] INFO  com.alibaba.nacos.client.naming - com.alibaba.nacos.client.naming.remote.http.NamingHttpClientProxy do shutdown begin
2026-09-08 21:37:49.622 [SpringApplicationShutdownHook] WARN  com.alibaba.nacos.client.naming - [NamingHttpClientManager] Start destroying NacosRestTemplate
2026-09-08 21:37:49.622 [SpringApplicationShutdownHook] WARN  com.alibaba.nacos.client.naming - [NamingHttpClientManager] Destruction of the end
2026-09-08 21:37:49.622 [SpringApplicationShutdownHook] INFO  com.alibaba.nacos.client.naming - com.alibaba.nacos.client.naming.remote.http.NamingHttpClientProxy do shutdown stop
2026-09-08 21:37:49.622 [SpringApplicationShutdownHook] INFO  com.alibaba.nacos.common.remote.client - Shutdown rpc client, set status to shutdown
2026-09-08 21:37:49.623 [SpringApplicationShutdownHook] INFO  com.alibaba.nacos.common.remote.client - Shutdown client event executor java.util.concurrent.ScheduledThreadPoolExecutor@2b6e233[Running, pool size = 2, active threads = 2, queued tasks = 0, completed tasks = 0]
2026-09-08 21:37:49.623 [SpringApplicationShutdownHook] INFO  com.alibaba.nacos.common.remote.client - Close current connection 1788873292446_172.17.0.1_47344
2026-09-08 21:37:49.626 [nacos-grpc-client-executor-127.0.0.1-310] INFO  c.a.nacos.common.remote.client.grpc.GrpcClient - [1788873292446_172.17.0.1_47344]Ignore complete event,isRunning:false,isAbandon=false
2026-09-08 21:37:49.634 [SpringApplicationShutdownHook] INFO  c.a.nacos.common.remote.client.grpc.GrpcClient - Shutdown grpc executor java.util.concurrent.ThreadPoolExecutor@715d55c4[Running, pool size = 4, active threads = 0, queued tasks = 0, completed tasks = 311]
2026-09-08 21:37:49.634 [SpringApplicationShutdownHook] INFO  com.alibaba.nacos.client.naming - Shutdown grpc redo service executor java.util.concurrent.ScheduledThreadPoolExecutor@65f021c2[Running, pool size = 1, active threads = 0, queued tasks = 1, completed tasks = 457]
2026-09-08 21:37:49.634 [SpringApplicationShutdownHook] INFO  c.a.n.client.auth.ram.identify.CredentialWatcher - [null] CredentialWatcher is stopped
2026-09-08 21:37:49.634 [SpringApplicationShutdownHook] INFO  c.a.n.client.auth.ram.identify.CredentialService - [null] CredentialService is freed
2026-09-08 21:37:49.635 [SpringApplicationShutdownHook] INFO  com.alibaba.nacos.client.naming - com.alibaba.nacos.client.naming.remote.NamingClientProxyDelegate do shutdown stop
2026-09-08 21:37:49.787 [SpringApplicationShutdownHook] INFO  com.alibaba.druid.pool.DruidDataSource - {dataSource-1} closing ...
2026-09-08 21:37:49.801 [SpringApplicationShutdownHook] INFO  com.alibaba.druid.pool.DruidDataSource - {dataSource-1} closed
2026-09-08 21:37:54.000 [main] WARN  com.alibaba.nacos.client.logging.NacosLogging - Load Logback Configuration of Nacos fail, message: Could not initialize Logback Nacos logging from classpath:nacos-logback.xml
2026-09-08 21:37:54.137 [main] WARN  com.alibaba.nacos.client.logging.NacosLogging - Load Logback Configuration of Nacos fail, message: Could not initialize Logback Nacos logging from classpath:nacos-logback.xml
2026-09-08 21:37:55.833 [main] WARN  com.alibaba.nacos.client.logging.NacosLogging - Load Logback Configuration of Nacos fail, message: Could not initialize Logback Nacos logging from classpath:nacos-logback.xml
2026-09-08 21:37:55.865 [main] WARN  com.alibaba.nacos.client.logging.NacosLogging - Load Logback Configuration of Nacos fail, message: Could not initialize Logback Nacos logging from classpath:nacos-logback.xml
2026-09-08 21:37:55.867 [main] INFO  c.j.x.user.biz.XiaojiashuUserBizApplication - The following 1 profile is active: "dev"
2026-09-08 21:37:57.251 [main] INFO  o.s.d.r.config.RepositoryConfigurationDelegate - Multiple Spring Data modules found, entering strict repository configuration mode
2026-09-08 21:37:57.260 [main] INFO  o.s.d.r.config.RepositoryConfigurationDelegate - Bootstrapping Spring Data Redis repositories in DEFAULT mode.
2026-09-08 21:37:57.327 [main] INFO  o.s.d.r.config.RepositoryConfigurationDelegate - Finished Spring Data repository scanning in 28 ms. Found 0 Redis repository interfaces.
2026-09-08 21:37:58.034 [main] INFO  o.springframework.cloud.context.scope.GenericScope - BeanFactory id=026ab911-f826-32b1-bdec-0f4ec27ad746
2026-09-08 21:37:58.165 [main] INFO  o.s.c.s.PostProcessorRegistrationDelegate$BeanPostProcessorChecker - Bean 'com.jiahuiling.xiaojiashu.oss.api.FileFeignApi' of type [org.springframework.cloud.openfeign.FeignClientFactoryBean] is not eligible for getting processed by all BeanPostProcessors (for example: not eligible for auto-proxying)
2026-09-08 21:37:58.175 [main] INFO  o.s.c.s.PostProcessorRegistrationDelegate$BeanPostProcessorChecker - Bean 'com.jiahuiling.xiaojiashu.user.api.UserFeignApi' of type [org.springframework.cloud.openfeign.FeignClientFactoryBean] is not eligible for getting processed by all BeanPostProcessors (for example: not eligible for auto-proxying)
2026-09-08 21:38:00.822 [main] INFO  o.s.boot.web.embedded.tomcat.TomcatWebServer - Tomcat initialized with port(s): 8082 (http)
2026-09-08 21:38:00.868 [main] INFO  org.apache.catalina.core.StandardService - Starting service [Tomcat]
2026-09-08 21:38:00.869 [main] INFO  org.apache.catalina.core.StandardEngine - Starting Servlet engine: [Apache Tomcat/10.1.5]
2026-09-08 21:38:01.512 [main] INFO  o.a.c.core.ContainerBase.[Tomcat].[localhost].[/] - Initializing Spring embedded WebApplicationContext
2026-09-08 21:38:01.513 [main] INFO  o.s.b.w.s.c.ServletWebServerApplicationContext - Root WebApplicationContext: initialization completed in 5601 ms
2026-09-08 21:38:01.784 [main] INFO  c.a.d.s.b.a.DruidDataSourceAutoConfigure - Init DruidDataSource
2026-09-08 21:38:02.889 [main] INFO  com.alibaba.druid.pool.DruidDataSource - {dataSource-1} inited
2026-09-08 21:38:04.409 [main] INFO  o.s.cloud.openfeign.FeignClientFactoryBean - For 'xiaojiashu-oss' URL not provided. Will try picking an instance via load-balancing.
2026-09-08 21:38:07.503 [main] WARN  o.s.c.l.c.LoadBalancerCacheAutoConfiguration$LoadBalancerCaffeineWarnLogger - Spring Cloud LoadBalancer is currently working with the default cache. While this cache implementation is useful for development and tests, it's recommended to use Caffeine cache in production.You can switch to using Caffeine cache, by adding it and org.springframework.cache.caffeine.CaffeineCacheManager to the classpath.
2026-09-08 21:38:07.607 [main] INFO  o.s.boot.web.embedded.tomcat.TomcatWebServer - Tomcat started on port(s): 8082 (http) with context path ''
2026-09-08 21:38:07.617 [main] WARN  com.alibaba.nacos.client.logging.NacosLogging - Load Logback Configuration of Nacos fail, message: Could not initialize Logback Nacos logging from classpath:nacos-logback.xml
2026-09-08 21:38:07.618 [main] INFO  com.alibaba.nacos.client.naming - initializer namespace from ans.namespace attribute : null
2026-09-08 21:38:07.618 [main] INFO  com.alibaba.nacos.client.naming - initializer namespace from ALIBABA_ALIWARE_NAMESPACE attribute :null
2026-09-08 21:38:07.619 [main] INFO  com.alibaba.nacos.client.naming - initializer namespace from namespace attribute :null
2026-09-08 21:38:07.648 [main] INFO  com.alibaba.nacos.client.utils.ParamUtil - [settings] [req-serv] nacos-server port:8848
2026-09-08 21:38:07.648 [main] INFO  com.alibaba.nacos.client.utils.ParamUtil - [settings] [http-client] connect timeout:1000
2026-09-08 21:38:07.649 [main] INFO  com.alibaba.nacos.client.utils.ParamUtil - PER_TASK_CONFIG_SIZE: 3000.0
2026-09-08 21:38:07.656 [main] INFO  c.a.n.p.auth.spi.client.ClientAuthPluginManager - [ClientAuthPluginManager] Load ClientAuthService com.alibaba.nacos.client.auth.impl.NacosClientAuthServiceImpl success.
2026-09-08 21:38:07.656 [main] INFO  c.a.n.p.auth.spi.client.ClientAuthPluginManager - [ClientAuthPluginManager] Load ClientAuthService com.alibaba.nacos.client.auth.ram.RamClientAuthServiceImpl success.
2026-09-08 21:38:07.660 [main] INFO  c.a.n.client.auth.ram.identify.CredentialWatcher - null No credential found
2026-09-08 21:38:07.672 [main] INFO  com.alibaba.nacos.common.remote.client - [RpcClientFactory] create a new rpc client of 6cc4bdfd-21e9-4dbb-8b63-1ba792d9919f
2026-09-08 21:38:07.696 [main] INFO  com.alibaba.nacos.common.remote.client - [6cc4bdfd-21e9-4dbb-8b63-1ba792d9919f] RpcClient init, ServerListFactory = com.alibaba.nacos.client.naming.core.ServerListManager
2026-09-08 21:38:07.696 [main] INFO  com.alibaba.nacos.common.remote.client - [6cc4bdfd-21e9-4dbb-8b63-1ba792d9919f] Registry connection listener to current client:com.alibaba.nacos.client.naming.remote.gprc.redo.NamingGrpcRedoService
2026-09-08 21:38:07.697 [main] INFO  com.alibaba.nacos.common.remote.client - [6cc4bdfd-21e9-4dbb-8b63-1ba792d9919f] Register server push request handler:com.alibaba.nacos.client.naming.remote.gprc.NamingPushRequestHandler
2026-09-08 21:38:07.699 [main] INFO  com.alibaba.nacos.common.remote.client - [6cc4bdfd-21e9-4dbb-8b63-1ba792d9919f] Try to connect to server on start up, server: {serverIp = '127.0.0.1', server main port = 8848}
2026-09-08 21:38:07.768 [main] INFO  c.a.nacos.common.remote.client.grpc.GrpcClient - grpc client connection server:127.0.0.1 ip,serverPort:9848,grpcTslConfig:{"sslProvider":"OPENSSL","enableTls":false,"mutualAuthEnable":false,"trustAll":false}
2026-09-08 21:38:10.004 [main] INFO  com.alibaba.nacos.common.remote.client - [6cc4bdfd-21e9-4dbb-8b63-1ba792d9919f] Success to connect to server [127.0.0.1:8848] on start up, connectionId = 1788874689762_172.17.0.1_36602
2026-09-08 21:38:10.006 [com.alibaba.nacos.client.remote.worker] INFO  com.alibaba.nacos.common.remote.client - [6cc4bdfd-21e9-4dbb-8b63-1ba792d9919f] Notify connected event to listeners.
2026-09-08 21:38:10.006 [com.alibaba.nacos.client.remote.worker] INFO  com.alibaba.nacos.client.naming - Grpc connection connect
2026-09-08 21:38:10.006 [main] INFO  com.alibaba.nacos.common.remote.client - [6cc4bdfd-21e9-4dbb-8b63-1ba792d9919f] Register server push request handler:com.alibaba.nacos.common.remote.client.RpcClient$ConnectResetRequestHandler
2026-09-08 21:38:10.007 [main] INFO  com.alibaba.nacos.common.remote.client - [6cc4bdfd-21e9-4dbb-8b63-1ba792d9919f] Register server push request handler:com.alibaba.nacos.common.remote.client.RpcClient$$Lambda$1262/0x000002bb0b8d7908
2026-09-08 21:38:10.010 [main] INFO  com.alibaba.nacos.client.naming - [REGISTER-SERVICE] xiaojiashu registering service xiaojiashu-user with instance Instance{instanceId='null', ip='192.168.52.11', port=8082, weight=1.0, healthy=true, enabled=true, ephemeral=true, clusterName='DEFAULT', serviceName='null', metadata={IPv6=null, preserved.register.source=SPRING_CLOUD}}
2026-09-08 21:38:10.034 [main] INFO  c.a.cloud.nacos.registry.NacosServiceRegistry - nacos registry, DEFAULT_GROUP xiaojiashu-user 192.168.52.11:8082 register finished
2026-09-08 21:38:10.366 [main] INFO  c.j.x.user.biz.XiaojiashuUserBizApplication - Started XiaojiashuUserBizApplication in 18.371 seconds (process running for 19.555)
2026-09-08 21:38:10.367 [main] INFO  c.j.x.u.biz.runner.PushRolePermissions2RedisRunner - ==> 服务启动，开始同步角色权限数据到 Redis 中...
2026-09-08 21:38:11.376 [main] WARN  c.j.x.u.biz.runner.PushRolePermissions2RedisRunner - ==> 角色权限数据已经同步至 Redis 中，不再同步...
2026-09-08 21:38:24.015 [http-nio-8082-exec-1] INFO  o.a.c.core.ContainerBase.[Tomcat].[localhost].[/] - Initializing Spring DispatcherServlet 'dispatcherServlet'
2026-09-08 21:38:24.016 [http-nio-8082-exec-1] INFO  org.springframework.web.servlet.DispatcherServlet - Initializing Servlet 'dispatcherServlet'
2026-09-08 21:38:24.020 [http-nio-8082-exec-1] INFO  org.springframework.web.servlet.DispatcherServlet - Completed initialization in 4 ms
2026-09-08 21:38:24.049 [http-nio-8082-exec-1] INFO  c.j.f.b.context.filter.HeaderUserId2ContextFilter - ## HeaderUserId2ContextFilter, 用户 ID: null
2026-09-08 21:38:24.374 [http-nio-8082-exec-1] INFO  c.j.f.b.operationlog.aspect.ApiOperationLogAspect - ====== 请求开始: [密码更新], 入参: {"encodePassword":"$2a$10$TRO3T0l.p2JdehYiZsnVkeSGeAJiZlLVbGyIUM41opgX76K2hxhf2"}, 请求类: UserController, 请求方法: updatePassword =================================== 
2026-09-08 21:38:24.518 [http-nio-8082-exec-1] DEBUG c.j.x.u.b.d.m.U.updateByPrimaryKeySelective - ==>  Preparing: update t_user SET `password` = ?, update_time = ? where id = ?
2026-09-08 21:38:25.062 [http-nio-8082-exec-1] DEBUG c.j.x.u.b.d.m.U.updateByPrimaryKeySelective - ==> Parameters: $2a$10$TRO3T0l.p2JdehYiZsnVkeSGeAJiZlLVbGyIUM41opgX76K2hxhf2(String), 2026-09-08T21:38:24.387156100(LocalDateTime), null
2026-09-08 21:38:25.084 [http-nio-8082-exec-1] DEBUG c.j.x.u.b.d.m.U.updateByPrimaryKeySelective - <==    Updates: 0
2026-09-08 21:38:25.089 [http-nio-8082-exec-1] INFO  c.j.f.b.operationlog.aspect.ApiOperationLogAspect - ====== 请求结束: [密码更新], 耗时: 719ms, 出参: {"success":true,"data":null,"errorCode":null,"message":null} =================================== 
2026-09-08 21:38:49.204 [http-nio-8082-exec-2] INFO  c.j.f.b.context.filter.HeaderUserId2ContextFilter - ## HeaderUserId2ContextFilter, 用户 ID: null
2026-09-08 21:38:49.217 [http-nio-8082-exec-2] INFO  c.j.f.b.operationlog.aspect.ApiOperationLogAspect - ====== 请求开始: [手机号查询用户信息], 入参: {"phone":"15513003933"}, 请求类: UserController, 请求方法: findByPhone =================================== 
2026-09-08 21:38:49.220 [http-nio-8082-exec-2] DEBUG c.j.x.u.b.domain.mapper.UserDOMapper.selectByPhone - ==>  Preparing: select id,password from t_user where phone=?
2026-09-08 21:38:49.225 [http-nio-8082-exec-2] DEBUG c.j.x.u.b.domain.mapper.UserDOMapper.selectByPhone - ==> Parameters: 15513003933(String)
2026-09-08 21:38:49.250 [http-nio-8082-exec-2] DEBUG c.j.x.u.b.domain.mapper.UserDOMapper.selectByPhone - <==      Total: 1
2026-09-08 21:38:49.258 [http-nio-8082-exec-2] INFO  c.j.f.b.operationlog.aspect.ApiOperationLogAspect - ====== 请求结束: [手机号查询用户信息], 耗时: 41ms, 出参: {"success":true,"data":{"id":5,"password":"$2a$10$l4J4ZlPdTT3FvIp1tdN7QOS6KWho8p2gUApur2wbXCsMzBY.M2Gw."},"errorCode":null,"message":null} =================================== 
2026-09-08 21:39:35.182 [http-nio-8082-exec-3] INFO  c.j.f.b.context.filter.HeaderUserId2ContextFilter - ## HeaderUserId2ContextFilter, 用户 ID: 5
2026-09-08 21:39:35.183 [http-nio-8082-exec-3] INFO  c.j.f.b.context.filter.HeaderUserId2ContextFilter - ===== 设置 userId 到 ThreadLocal 中， 用户 ID: 5
2026-09-08 21:39:35.312 [http-nio-8082-exec-3] INFO  c.j.f.b.c.interceptor.FeignRequestInterceptor - ########## feign 请求设置请求头 userId: 5
2026-09-08 21:39:35.433 [http-nio-8082-exec-3] INFO  com.alibaba.nacos.client.naming - [SUBSCRIBE-SERVICE] service:xiaojiashu-oss, group:DEFAULT_GROUP, clusters: 
2026-09-08 21:39:35.465 [http-nio-8082-exec-3] INFO  com.alibaba.nacos.client.naming - init new ips(1) service: DEFAULT_GROUP@@xiaojiashu-oss -> [{"ip":"192.168.52.11","port":8081,"weight":1.0,"healthy":true,"enabled":true,"ephemeral":true,"clusterName":"DEFAULT","serviceName":"DEFAULT_GROUP@@xiaojiashu-oss","metadata":{"preserved.register.source":"SPRING_CLOUD"},"ipDeleteTimeout":30000,"instanceHeartBeatTimeOut":15000,"instanceHeartBeatInterval":5000}]
2026-09-08 21:39:35.480 [http-nio-8082-exec-3] INFO  com.alibaba.nacos.client.naming - current ips:(1) service: DEFAULT_GROUP@@xiaojiashu-oss -> [{"ip":"192.168.52.11","port":8081,"weight":1.0,"healthy":true,"enabled":true,"ephemeral":true,"clusterName":"DEFAULT","serviceName":"DEFAULT_GROUP@@xiaojiashu-oss","metadata":{"preserved.register.source":"SPRING_CLOUD"},"ipDeleteTimeout":30000,"instanceHeartBeatTimeOut":15000,"instanceHeartBeatInterval":5000}]
2026-09-08 21:39:35.834 [http-nio-8082-exec-3] INFO  c.j.x.user.biz.service.Impl.UserServiceImpl - ==> 调用 oss 服务成功，上传头像，url：http://127.0.0.1:9000/xiaojiashu/2a541d4582c74a508311c064d273927a.jpg
2026-09-08 21:39:35.865 [http-nio-8082-exec-3] INFO  c.j.f.b.c.interceptor.FeignRequestInterceptor - ########## feign 请求设置请求头 userId: 5
2026-09-08 21:39:36.065 [http-nio-8082-exec-3] INFO  c.j.x.user.biz.service.Impl.UserServiceImpl - ==> 调用 oss 服务成功，上传背景图，url：http://127.0.0.1:9000/xiaojiashu/57aa1fea9914453daf98ec132864c914.jpg
2026-09-08 21:39:36.068 [http-nio-8082-exec-3] DEBUG c.j.x.u.b.d.m.U.updateByPrimaryKeySelective - ==>  Preparing: update t_user SET xiaojiashu_id = ?, nickname = ?, avatar = ?, birthday = ?, background_img = ?, sex = ?, introduction = ?, update_time = ? where id = ?
2026-09-08 21:39:36.073 [nacos-grpc-client-executor-127.0.0.1-34] INFO  com.alibaba.nacos.common.remote.client - [6cc4bdfd-21e9-4dbb-8b63-1ba792d9919f] Receive server push request, request = NotifySubscriberRequest, requestId = 28
2026-09-08 21:39:36.074 [nacos-grpc-client-executor-127.0.0.1-34] INFO  com.alibaba.nacos.common.remote.client - [6cc4bdfd-21e9-4dbb-8b63-1ba792d9919f] Ack server push request, request = NotifySubscriberRequest, requestId = 28
2026-09-08 21:39:36.082 [http-nio-8082-exec-3] DEBUG c.j.x.u.b.d.m.U.updateByPrimaryKeySelective - ==> Parameters: jiahuiling(String), 小贾同学(String), http://127.0.0.1:9000/xiaojiashu/2a541d4582c74a508311c064d273927a.jpg(String), 2004-09-15(LocalDate), http://127.0.0.1:9000/xiaojiashu/57aa1fea9914453daf98ec132864c914.jpg(String), 1(Integer), 程序员一枚(String), 2026-09-08T21:39:36.066258600(LocalDateTime), 5(Long)
2026-09-08 21:39:36.099 [http-nio-8082-exec-3] DEBUG c.j.x.u.b.d.m.U.updateByPrimaryKeySelective - <==    Updates: 1
2026-09-08 21:39:36.106 [http-nio-8082-exec-3] INFO  c.j.f.b.context.filter.HeaderUserId2ContextFilter - ===== 删除 ThreadLocal， userId: 5
2026-09-08 21:41:56.370 [http-nio-8082-exec-6] INFO  c.j.f.b.context.filter.HeaderUserId2ContextFilter - ## HeaderUserId2ContextFilter, 用户 ID: 5
2026-09-08 21:41:56.371 [http-nio-8082-exec-6] INFO  c.j.f.b.context.filter.HeaderUserId2ContextFilter - ===== 设置 userId 到 ThreadLocal 中， 用户 ID: 5
2026-09-08 21:41:56.403 [http-nio-8082-exec-6] INFO  c.j.f.b.context.filter.HeaderUserId2ContextFilter - ===== 删除 ThreadLocal， userId: 5
2026-09-08 21:42:05.544 [http-nio-8082-exec-7] INFO  c.j.f.b.context.filter.HeaderUserId2ContextFilter - ## HeaderUserId2ContextFilter, 用户 ID: 5
2026-09-08 21:42:05.544 [http-nio-8082-exec-7] INFO  c.j.f.b.context.filter.HeaderUserId2ContextFilter - ===== 设置 userId 到 ThreadLocal 中， 用户 ID: 5
2026-09-08 21:42:05.551 [http-nio-8082-exec-7] INFO  c.j.f.b.operationlog.aspect.ApiOperationLogAspect - ====== 请求开始: [密码更新], 入参: {"encodePassword":"$2a$10$//0f4VvpJQgC30MivEMghOZ3X0nJDQ2pmpSZ6h32Ho0zimVUnXiJa"}, 请求类: UserController, 请求方法: updatePassword =================================== 
2026-09-08 21:42:05.559 [http-nio-8082-exec-7] DEBUG c.j.x.u.b.d.m.U.updateByPrimaryKeySelective - ==>  Preparing: update t_user SET `password` = ?, update_time = ? where id = ?
2026-09-08 21:42:05.563 [http-nio-8082-exec-7] DEBUG c.j.x.u.b.d.m.U.updateByPrimaryKeySelective - ==> Parameters: $2a$10$//0f4VvpJQgC30MivEMghOZ3X0nJDQ2pmpSZ6h32Ho0zimVUnXiJa(String), 2026-09-08T21:42:05.552197500(LocalDateTime), 5(Long)
2026-09-08 21:42:05.576 [http-nio-8082-exec-7] DEBUG c.j.x.u.b.d.m.U.updateByPrimaryKeySelective - <==    Updates: 1
2026-09-08 21:42:05.577 [http-nio-8082-exec-7] INFO  c.j.f.b.operationlog.aspect.ApiOperationLogAspect - ====== 请求结束: [密码更新], 耗时: 26ms, 出参: {"success":true,"data":null,"errorCode":null,"message":null} =================================== 
2026-09-08 21:42:05.580 [http-nio-8082-exec-7] INFO  c.j.f.b.context.filter.HeaderUserId2ContextFilter - ===== 删除 ThreadLocal， userId: 5
2026-09-08 21:42:19.703 [http-nio-8082-exec-8] INFO  c.j.f.b.context.filter.HeaderUserId2ContextFilter - ## HeaderUserId2ContextFilter, 用户 ID: null
2026-09-08 21:42:19.707 [http-nio-8082-exec-8] INFO  c.j.f.b.operationlog.aspect.ApiOperationLogAspect - ====== 请求开始: [手机号查询用户信息], 入参: {"phone":"15513003933"}, 请求类: UserController, 请求方法: findByPhone =================================== 
2026-09-08 21:42:19.708 [http-nio-8082-exec-8] DEBUG c.j.x.u.b.domain.mapper.UserDOMapper.selectByPhone - ==>  Preparing: select id,password from t_user where phone=?
2026-09-08 21:42:19.711 [http-nio-8082-exec-8] DEBUG c.j.x.u.b.domain.mapper.UserDOMapper.selectByPhone - ==> Parameters: 15513003933(String)
2026-09-08 21:42:19.731 [http-nio-8082-exec-8] DEBUG c.j.x.u.b.domain.mapper.UserDOMapper.selectByPhone - <==      Total: 1
2026-09-08 21:42:19.733 [http-nio-8082-exec-8] INFO  c.j.f.b.operationlog.aspect.ApiOperationLogAspect - ====== 请求结束: [手机号查询用户信息], 耗时: 27ms, 出参: {"success":true,"data":{"id":5,"password":"$2a$10$//0f4VvpJQgC30MivEMghOZ3X0nJDQ2pmpSZ6h32Ho0zimVUnXiJa"},"errorCode":null,"message":null} =================================== 
2026-09-08 21:42:36.268 [http-nio-8082-exec-9] INFO  c.j.f.b.context.filter.HeaderUserId2ContextFilter - ## HeaderUserId2ContextFilter, 用户 ID: 5
2026-09-08 21:42:36.268 [http-nio-8082-exec-9] INFO  c.j.f.b.context.filter.HeaderUserId2ContextFilter - ===== 设置 userId 到 ThreadLocal 中， 用户 ID: 5
2026-09-08 21:42:36.271 [http-nio-8082-exec-9] INFO  c.j.f.b.operationlog.aspect.ApiOperationLogAspect - ====== 请求开始: [密码更新], 入参: {"encodePassword":"$2a$10$a3vHtoTQI6GUU.tYt5tCXecSStnlGZWDcKZCyzqvrde6CrCIRIzfS"}, 请求类: UserController, 请求方法: updatePassword =================================== 
2026-09-08 21:42:36.273 [http-nio-8082-exec-9] DEBUG c.j.x.u.b.d.m.U.updateByPrimaryKeySelective - ==>  Preparing: update t_user SET `password` = ?, update_time = ? where id = ?
2026-09-08 21:42:36.276 [http-nio-8082-exec-9] DEBUG c.j.x.u.b.d.m.U.updateByPrimaryKeySelective - ==> Parameters: $2a$10$a3vHtoTQI6GUU.tYt5tCXecSStnlGZWDcKZCyzqvrde6CrCIRIzfS(String), 2026-09-08T21:42:36.272835200(LocalDateTime), 5(Long)
2026-09-08 21:42:36.302 [http-nio-8082-exec-9] DEBUG c.j.x.u.b.d.m.U.updateByPrimaryKeySelective - <==    Updates: 1
2026-09-08 21:42:36.303 [http-nio-8082-exec-9] INFO  c.j.f.b.operationlog.aspect.ApiOperationLogAspect - ====== 请求结束: [密码更新], 耗时: 32ms, 出参: {"success":true,"data":null,"errorCode":null,"message":null} =================================== 
2026-09-08 21:42:36.305 [http-nio-8082-exec-9] INFO  c.j.f.b.context.filter.HeaderUserId2ContextFilter - ===== 删除 ThreadLocal， userId: 5
2026-09-08 21:45:49.823 [http-nio-8082-exec-2] INFO  c.j.f.b.context.filter.HeaderUserId2ContextFilter - ## HeaderUserId2ContextFilter, 用户 ID: null
2026-09-08 21:45:49.896 [http-nio-8082-exec-2] INFO  c.j.f.b.operationlog.aspect.ApiOperationLogAspect - ====== 请求开始: [用户注册], 入参: {"phone":"15513003900"}, 请求类: UserController, 请求方法: register =================================== 
2026-09-08 21:45:49.911 [http-nio-8082-exec-2] DEBUG c.j.x.u.b.domain.mapper.UserDOMapper.selectByPhone - ==>  Preparing: select id,password from t_user where phone=?
2026-09-08 21:45:49.923 [http-nio-8082-exec-2] DEBUG c.j.x.u.b.domain.mapper.UserDOMapper.selectByPhone - ==> Parameters: 15513003900(String)
2026-09-08 21:45:49.929 [http-nio-8082-exec-2] DEBUG c.j.x.u.b.domain.mapper.UserDOMapper.selectByPhone - <==      Total: 0
2026-09-08 21:45:49.931 [http-nio-8082-exec-2] INFO  c.j.x.user.biz.service.Impl.UserServiceImpl - ==> 用户是否注册, phone: 15513003900, userDO: null
2026-09-08 21:45:49.979 [http-nio-8082-exec-2] DEBUG c.j.x.user.biz.domain.mapper.UserDOMapper.insert - ==>  Preparing: insert into t_user (xiaojiashu_id, `password`, nickname, avatar, birthday, background_img, phone, sex, `status`, introduction, create_time, update_time, is_deleted) values (?, ?, ?, ?, ?, ?, ?, ?, ?, ?, ?, ?, ?)
2026-09-08 21:45:50.290 [http-nio-8082-exec-2] DEBUG c.j.x.user.biz.domain.mapper.UserDOMapper.insert - ==> Parameters: 10017(String), null, 最喜欢小贾的10017(String), null, null, null, 15513003900(String), null, 0(Integer), null, 2026-09-08T21:45:49.976358700(LocalDateTime), 2026-09-08T21:45:49.976358700(LocalDateTime), false(Boolean)
2026-09-08 21:45:50.306 [http-nio-8082-exec-2] DEBUG c.j.x.user.biz.domain.mapper.UserDOMapper.insert - <==    Updates: 1
2026-09-08 21:45:50.325 [http-nio-8082-exec-2] DEBUG c.j.x.u.biz.domain.mapper.UserRoleDOMapper.insert - ==>  Preparing: insert into t_user_role_rel (id, user_id, role_id, create_time, update_time, is_deleted ) values (?, ?, ?, ?, ?, ? )
2026-09-08 21:45:50.330 [http-nio-8082-exec-2] DEBUG c.j.x.u.biz.domain.mapper.UserRoleDOMapper.insert - ==> Parameters: null, 6(Long), 1(Long), 2026-09-08T21:45:50.323758200(LocalDateTime), 2026-09-08T21:45:50.323758200(LocalDateTime), false(Boolean)
2026-09-08 21:45:50.374 [http-nio-8082-exec-2] DEBUG c.j.x.u.biz.domain.mapper.UserRoleDOMapper.insert - <==    Updates: 1
2026-09-08 21:45:50.376 [http-nio-8082-exec-2] DEBUG c.j.x.u.b.d.mapper.RoleDOMapper.selectByPrimaryKey - ==>  Preparing: select id, role_name, role_key, `status`, sort, remark, create_time, update_time, is_deleted from t_role where id = ?
2026-09-08 21:45:50.377 [http-nio-8082-exec-2] DEBUG c.j.x.u.b.d.mapper.RoleDOMapper.selectByPrimaryKey - ==> Parameters: 1(Long)
2026-09-08 21:45:50.398 [http-nio-8082-exec-2] DEBUG c.j.x.u.b.d.mapper.RoleDOMapper.selectByPrimaryKey - <==      Total: 1
2026-09-08 21:45:50.426 [http-nio-8082-exec-2] INFO  c.j.f.b.operationlog.aspect.ApiOperationLogAspect - ====== 请求结束: [用户注册], 耗时: 532ms, 出参: {"success":true,"data":6,"errorCode":null,"message":null} =================================== 
2026-09-08 21:46:08.142 [Thread-7] WARN  com.alibaba.nacos.common.notify.NotifyCenter - [NotifyCenter] Start destroying Publisher
2026-09-08 21:46:08.142 [Thread-10] WARN  c.alibaba.nacos.common.http.HttpClientBeanHolder - [HttpClientBeanHolder] Start destroying common HttpClient
2026-09-08 21:46:08.143 [Thread-7] WARN  com.alibaba.nacos.common.notify.NotifyCenter - [NotifyCenter] Destruction of the end
2026-09-08 21:46:08.145 [Thread-10] WARN  c.alibaba.nacos.common.http.HttpClientBeanHolder - [HttpClientBeanHolder] Destruction of the end
2026-09-08 21:46:08.351 [SpringApplicationShutdownHook] INFO  c.a.cloud.nacos.registry.NacosServiceRegistry - De-registering from Nacos Server now...
2026-09-08 21:46:08.352 [SpringApplicationShutdownHook] INFO  com.alibaba.nacos.client.naming - [DEREGISTER-SERVICE] xiaojiashu deregistering service xiaojiashu-user with instance: Instance{instanceId='null', ip='192.168.52.11', port=8082, weight=1.0, healthy=true, enabled=true, ephemeral=true, clusterName='DEFAULT', serviceName='null', metadata={}}
2026-09-08 21:46:09.045 [com.alibaba.nacos.client.naming.grpc.redo.0] INFO  com.alibaba.nacos.client.naming - Redo instance operation UNREGISTER for DEFAULT_GROUP@@xiaojiashu-user
2026-09-08 21:46:09.280 [SpringApplicationShutdownHook] INFO  c.a.cloud.nacos.registry.NacosServiceRegistry - De-registration finished.
2026-09-08 21:46:09.283 [SpringApplicationShutdownHook] INFO  com.alibaba.nacos.client.naming - com.alibaba.nacos.client.naming.cache.ServiceInfoHolder do shutdown begin
2026-09-08 21:46:09.284 [SpringApplicationShutdownHook] INFO  com.alibaba.nacos.client.naming - com.alibaba.nacos.client.naming.backups.FailoverReactor do shutdown begin
2026-09-08 21:46:09.287 [SpringApplicationShutdownHook] INFO  com.alibaba.nacos.client.naming - com.alibaba.nacos.client.naming.backups.FailoverReactor do shutdown stop
2026-09-08 21:46:09.289 [SpringApplicationShutdownHook] INFO  com.alibaba.nacos.client.naming - com.alibaba.nacos.client.naming.cache.ServiceInfoHolder do shutdown stop
2026-09-08 21:46:09.292 [SpringApplicationShutdownHook] INFO  com.alibaba.nacos.client.naming - com.alibaba.nacos.client.naming.remote.NamingClientProxyDelegate do shutdown begin
2026-09-08 21:46:09.292 [SpringApplicationShutdownHook] INFO  com.alibaba.nacos.client.naming - com.alibaba.nacos.client.naming.core.ServiceInfoUpdateService do shutdown begin
2026-09-08 21:46:09.293 [SpringApplicationShutdownHook] INFO  com.alibaba.nacos.client.naming - com.alibaba.nacos.client.naming.core.ServiceInfoUpdateService do shutdown stop
2026-09-08 21:46:09.293 [SpringApplicationShutdownHook] INFO  com.alibaba.nacos.client.naming - com.alibaba.nacos.client.naming.core.ServerListManager do shutdown begin
2026-09-08 21:46:09.294 [SpringApplicationShutdownHook] WARN  com.alibaba.nacos.client.naming - [NamingHttpClientManager] Start destroying NacosRestTemplate
2026-09-08 21:46:09.294 [SpringApplicationShutdownHook] WARN  com.alibaba.nacos.client.naming - [NamingHttpClientManager] Destruction of the end
2026-09-08 21:46:09.295 [SpringApplicationShutdownHook] INFO  com.alibaba.nacos.client.naming - com.alibaba.nacos.client.naming.core.ServerListManager do shutdown stop
2026-09-08 21:46:09.295 [SpringApplicationShutdownHook] INFO  com.alibaba.nacos.client.naming - com.alibaba.nacos.client.naming.remote.http.NamingHttpClientProxy do shutdown begin
2026-09-08 21:46:09.295 [SpringApplicationShutdownHook] WARN  com.alibaba.nacos.client.naming - [NamingHttpClientManager] Start destroying NacosRestTemplate
2026-09-08 21:46:09.296 [SpringApplicationShutdownHook] WARN  com.alibaba.nacos.client.naming - [NamingHttpClientManager] Destruction of the end
2026-09-08 21:46:09.296 [SpringApplicationShutdownHook] INFO  com.alibaba.nacos.client.naming - com.alibaba.nacos.client.naming.remote.http.NamingHttpClientProxy do shutdown stop
2026-09-08 21:46:09.297 [SpringApplicationShutdownHook] INFO  com.alibaba.nacos.common.remote.client - Shutdown rpc client, set status to shutdown
2026-09-08 21:46:09.299 [SpringApplicationShutdownHook] INFO  com.alibaba.nacos.common.remote.client - Shutdown client event executor java.util.concurrent.ScheduledThreadPoolExecutor@67621566[Running, pool size = 2, active threads = 2, queued tasks = 0, completed tasks = 0]
2026-09-08 21:46:09.299 [SpringApplicationShutdownHook] INFO  com.alibaba.nacos.common.remote.client - Close current connection 1788874689762_172.17.0.1_36602
2026-09-08 21:46:09.329 [nacos-grpc-client-executor-127.0.0.1-133] INFO  c.a.nacos.common.remote.client.grpc.GrpcClient - [1788874689762_172.17.0.1_36602]Ignore complete event,isRunning:false,isAbandon=false
2026-09-08 21:46:09.402 [SpringApplicationShutdownHook] INFO  c.a.nacos.common.remote.client.grpc.GrpcClient - Shutdown grpc executor java.util.concurrent.ThreadPoolExecutor@2b7121ad[Running, pool size = 5, active threads = 0, queued tasks = 0, completed tasks = 134]
2026-09-08 21:46:09.403 [SpringApplicationShutdownHook] INFO  com.alibaba.nacos.client.naming - Shutdown grpc redo service executor java.util.concurrent.ScheduledThreadPoolExecutor@7ad39107[Running, pool size = 1, active threads = 0, queued tasks = 1, completed tasks = 160]
2026-09-08 21:46:09.410 [SpringApplicationShutdownHook] INFO  c.a.n.client.auth.ram.identify.CredentialWatcher - [null] CredentialWatcher is stopped
2026-09-08 21:46:09.412 [SpringApplicationShutdownHook] INFO  c.a.n.client.auth.ram.identify.CredentialService - [null] CredentialService is freed
2026-09-08 21:46:09.413 [SpringApplicationShutdownHook] INFO  com.alibaba.nacos.client.naming - com.alibaba.nacos.client.naming.remote.NamingClientProxyDelegate do shutdown stop
2026-09-08 21:46:10.730 [SpringApplicationShutdownHook] INFO  com.alibaba.druid.pool.DruidDataSource - {dataSource-1} closing ...
2026-09-08 21:46:10.769 [SpringApplicationShutdownHook] INFO  com.alibaba.druid.pool.DruidDataSource - {dataSource-1} closed
